Radius,Reaction Rate
0.00161,9.067380024228265e+20
0.0025924524524524,2.34029226195437e+21
0.0035749049049049,4.4264564788860546e+21
0.0045573573573573,7.149675331783277e+21
0.0055398098098098,1.0491349731340618e+22
0.0065222622622622,1.4429887582834952e+22
0.0075047147147147,1.894078344376055e+22
0.0084871671671671,2.399672622493068e+22
0.0094696196196196,2.9567733763776866e+22
0.010452072072072,3.5621312793445323e+22
0.0114345245245245,4.212264254526834e+22
0.0124169769769769,4.903477668046555e+22
0.0133994294294294,5.631878100239639e+22
0.0143818818818818,6.393391524380517e+22
0.0153643343343343,7.183793217116883e+22
0.0163467867867867,7.99873422409396e+22
0.0173292392392392,8.833768711964453e+22
0.0183116916916916,9.684382214533323e+22
0.0192941441441441,1.0546020475465204e+23
0.0202765965965965,1.1414118586386941e+23
0.021259049049049,1.2284130119551986e+23
0.0222415015015015,1.3151555958715803e+23
0.0232239539539539,1.4011972540078126e+23
0.0242064064064064,1.4861059227220772e+23
0.0251888588588588,1.569462455936461e+23
0.0261713113113113,1.6508631130808777e+23
0.0271537637637637,1.729921888075828e+23
0.0281362162162162,1.8062726596397055e+23
0.0291186686686686,1.8795711457704583e+23
0.0301011211211211,1.9494966479633197e+23
0.0310835735735735,2.0157535735383206e+23
0.032066026026026,2.078072727325309e+23
0.0330484784784784,2.1362123668397835e+23
0.0340309309309309,2.1899590179345175e+23
0.0350133833833833,2.2391280506954985e+23
0.0359958358358358,2.2835640180190246e+23
0.0369782882882882,2.3231407618365356e+23
0.0379607407407407,2.3577612943032636e+23
0.0389431931931931,2.3873574634186213e+23
0.0399256456456456,2.4118894144742678e+23
0.040908098098098,2.431344860414208e+23
0.0418905505505505,2.4457387156103127e+23
0.042873003003003,2.455120266477392e+23
0.0438554554554554,2.4595704017848983e+23
0.0448379079079079,2.4591932504899965e+23
0.0458203603603603,2.45411428457048e+23
0.0468028128128128,2.444478547299969e+23
0.0477852652652652,2.430448824631331e+23
0.0487677177177177,2.4122037786989008e+23
0.0497501701701701,2.38993606166824e+23
0.0507326226226226,2.3638504272323237e+23
0.051715075075075,2.3341618560153987e+23
0.0526975275275275,2.3010937099726067e+23
0.0536799799799799,2.2648759296456168e+23
0.0546624324324324,2.2257432868249504e+23
0.0556448848848848,2.183933703823117e+23
0.0566273373373373,2.1396866491833692e+23
0.0576097897897897,2.0932416182759007e+23
0.0585922422422422,2.0448367058561183e+23
0.0595746946946946,1.994707276314423e+23
0.0605571471471471,1.9430847360331502e+23
0.0615395995995996,1.8901954110137046e+23
0.062522052052052,1.8362595317350892e+23
0.0635045045045045,1.7814903260744096e+23
0.0644869569569569,1.7260932200730295e+23
0.0654694094094094,1.6702651453622054e+23
0.0664518618618618,1.614193951176562e+23
0.0674343143143143,1.5580579181027458e+23
0.0684167667667667,1.5020253699388234e+23
0.0693992192192192,1.4462543710973257e+23
0.0703816716716716,1.3908925151061502e+23
0.0713641241241241,1.3360768218717868e+23
0.0723465765765765,1.2819336980071561e+23
0.073329029029029,1.228578967833678e+23
0.0743114814814814,1.1761179715208812e+23
0.0752939339339339,1.1246457243771217e+23
0.0762763863863863,1.0742471312595565e+23
0.0772588388388388,1.024997250100741e+23
0.0782412912912912,9.769615986212834e+22
0.0792237437437437,9.301964984328328e+22
0.0802061961961961,8.847494509071481e+22
0.0811886486486486,8.406595394003005e+22
0.0821711011011011,7.979578526649597e+22
0.0831535535535535,7.566679245595131e+22
0.084136006006006,7.168061854519079e+22
0.0851184584584584,6.783824210297636e+22
0.0861009109109109,6.414002345502839e+22
0.0870833633633633,6.058575088897879e+22
0.0880658158158158,5.717468650879901e+22
0.0890482682682682,5.390561144118287e+22
0.0900307207207207,5.077687012904329e+22
0.0910131731731731,4.7786413479521444e+22
0.0919956256256256,4.4931840664725235e+22
0.092978078078078,4.22104394034282e+22
0.0939605305305305,3.9619224580439625e+22
0.0949429829829829,3.7154975659915316e+22
0.0959254354354354,3.481430674349253e+22
0.0969078878878878,3.259370830341119e+22
0.0978903403403403,3.0489515807790305e+22
0.0988727927927927,2.8497936222157978e+22
0.0998552452452452,2.66150782082556e+22
0.1008376976976977,2.483698004078982e+22
0.1018201501501501,2.315963526997468e+22
0.1028026026026026,2.157901617368726e+22
0.103785055055055,2.009109505682339e+22
0.1047675075075075,1.8691863467163537e+22
0.1057499599599599,1.737734940672908e+22
0.1067324124124124,1.6143632625578923e+22
0.1077148648648648,1.498685809104379e+22
0.1086973173173173,1.3903247730144203e+22
0.1096797697697697,1.2889110546003987e+22
0.1106622222222222,1.1940851211023998e+22
0.1116446746746746,1.1054977240294809e+22
0.1126271271271271,1.0228104848413085e+22
0.1136095795795795,9.456963591726128e+21
0.114592032032032,8.738399896021465e+21
0.1155744844844844,8.069379567068729e+21
0.1165569369369369,7.446989378248037e+21
0.1175393893893893,6.868437825861918e+21
0.1185218418418418,6.331055138717603e+21
0.1195042942942943,5.83229262431477e+21
0.1204867467467467,5.369721429478657e+21
0.1214691991991992,4.941030788672641e+21
0.1224516516516516,4.5440258285558893e+21
0.1234341041041041,4.176624992628034e+21
0.1244165565565565,3.8368571451561104e+21
0.125399009009009,3.5228584089647265e+21
0.1263814614614614,3.2328687871784816e+21
0.1273639139139139,2.9652286146482107e+21
0.1283463663663663,2.718374880587297e+21
0.1293288188188188,2.490837459914342e+21
0.1303112712712712,2.2812352869667263e+21
0.1312937237237237,2.0882725016171077e+21
0.1322761761761761,1.91073459439796e+21
0.1332586286286286,1.7474845740305615e+21
0.134241081081081,1.5974591777619905e+21
0.1352235335335335,1.4596651421273463e+21
0.136205985985986,1.333175549189319e+21
0.1371884384384384,1.2171262609394812e+21
0.1381708908908908,1.1107124523868049e+21
0.1391533433433433,1.0131852518844792e+21
0.1401357957957958,9.238484954632881e+20
0.1411182482482482,8.420556003296042e+20
0.1421007007007007,7.672065612463018e+20
0.1430831531531531,6.987450722262037e+20
0.1440656056056056,6.36155774833036e+20
0.145048058058058,5.7896163338268194e+20
0.1460305105105105,5.267214269952067e+20
0.1470129629629629,4.790269779889778e+20
0.1479954154154154,4.3550093044079487e+20
0.1489778678678678,3.957952728294258e+20
0.1499603203203203,3.595893058102492e+20
0.1509427727727727,3.265876830342722e+20
0.1519252252252252,2.9651857307376733e+20
0.1529076776776776,2.6913193705129604e+20
0.1538901301301301,2.4419791657165813e+20
0.1548725825825825,2.2150532659091148e+20
0.155855035035035,2.008602479259784e+20
0.1568374874874875,1.8208471420147103e+20
0.1578199399399399,1.6501548814660528e+20
0.1588023923923923,1.4950292228948768e+20
0.1597848448448448,1.3540989924410889e+20
0.1607672972972973,1.2261084694684331e+20
0.1617497497497497,1.1099082436758913e+20
0.1627322022022022,1.0044467339702125e+20
0.1637146546546546,9.087623279119093e+19
0.1646971071071071,8.219761023693077e+19
0.1656795595595595,7.432850878518649e+19
0.166662012012012,6.719560408123401e+19
0.1676444644644644,6.073196900201524e+19
0.1686269169169169,5.4876542488369906e+19
0.1696093693693693,4.957363953406374e+19
0.1705918218218218,4.477249946334831e+19
0.1715742742742742,4.042686979323843e+19
0.1725567267267267,3.6494623136330994e+19
0.1735391791791792,3.293740475317493e+19
0.1745216316316316,2.97203085108303e+19
0.175504084084084,2.6811579145445085e+19
0.1764865365365365,2.4182338861701345e+19
0.177468988988989,2.180633643052005e+19
0.1784514414414414,1.9659717068740112e+19
0.1794338938938939,1.7720811500552671e+19
0.1804163463463463,1.5969942710217953e+19
0.1813987987987988,1.43892489995042e+19
0.1823812512512512,1.29625220611457e+19
0.1833637037037037,1.1675058871838833e+19
0.1843461561561561,1.0513526295045947e+19
0.1853286086086086,9.465837365158072e+18
0.186311061061061,8.521038300925656e+18
0.1872935135135135,7.669205367428375e+18
0.1882759659659659,6.901350772604711e+18
0.1892584184184184,6.209336846658915e+18
0.1902408708708708,5.585797810750956e+18
0.1912233233233233,5.02406849551028e+18
0.1922057757757757,4.518119420179117e+18
0.1931882282282282,4.062497690033968e+18
0.1941706806806807,3.6522732130811807e+18
0.1951531331331331,3.282989777322005e+18
0.1961355855855855,2.950620567154929e+18
0.197118038038038,2.651527732015119e+18
0.1981004904904905,2.382425652253548e+18
0.1990829429429429,2.1403475767680676e+18
0.2000653953953954,1.9226153341072404e+18
0.2010478478478478,1.7268118438770988e+18
0.2020303003003003,1.5507561784245059e+18
0.2030127527527527,1.3924809460803533e+18
0.2039952052052052,1.250211786847625e+18
0.2049776576576576,1.1223487894585188e+18
0.2059601101101101,1.0074496552855123e+18
0.2069425625625625,9.042144498090586e+17
0.207925015015015,8.11471796300438e+17
0.2089074674674674,7.281663791838007e+17
0.2098899199199199,6.53347636270104e+17
0.2108723723723723,5.861595298030889e+17
0.2118548248248248,5.2583129608934605e+17
0.2128372772772772,4.716690824864812e+17
0.2138197297297297,4.230483887436229e+17
0.2148021821821821,3.794072372093017e+17
0.2157846346346346,3.402400032839944e+17
0.216767087087087,3.050918437605563e+17
0.2177495395395395,2.7355366641308496e+17
0.2187319919919919,2.4525763545258352e+17
0.2197144444444444,2.1987367236619014e+17
0.2206968968968969,1.9710530564730867e+17
0.2216793493493493,1.7668574494308288e+17
0.2226618018018018,1.5837496770286035e+17
0.2236442542542542,1.4195709740549958e+17
0.2246267067067067,1.2723802997644171e+17
0.2256091591591591,1.1404328601134984e+17
0.2265916116116116,1.0221606830141555e+17
0.227574064064064,9.161550589417978e+16
0.2285565165165165,8.2115067529785e+16
0.2295389689689689,7.360112877560365e+16
0.2305214214214214,6.597167854817584e+16
0.2315038738738738,5.913515196986014e+16
0.2324863263263263,5.300937766399198e+16
0.2334687787787787,4.7520628655458616e+16
0.2344512312312312,4.260276701806043e+16
0.2354336836836836,3.819647330421605e+16
0.2364161361361361,3.4248552610602924e+16
0.2373985885885886,3.0711287837979064e+16
0.238381041041041,2.7541374340530092e+16
0.2393634934934934,2.4699643992089496e+16
0.2403459459459459,2.2151265816842132e+16
0.2413283983983984,1.9865268257402188e+16
0.2423108508508508,1.7814088566112688e+16
0.2432933033033033,1.5973177660412502e+16
0.2442757557557557,1.4320653269678518e+16
0.2452582082082082,1.2836995172121254e+16
0.2462406606606606,1.1504777154080242e+16
0.2472231131131131,1.030843104100102e+16
0.2482055655655655,9234038766087840.0
0.249188018018018,8269148974122796.0
0.2501704704704705,7402615116227352.0
0.2511529229229229,6624452386972027.0
0.2521353753753754,5925711197215306.0
0.2531178278278278,5298365171841868.0
0.2541002802802802,4735211917769495.0
0.2550827327327327,4229785029678866.5
0.2560651851851852,3776275993609977.0
0.2570476376376376,3369464815990471.5
0.2580300900900901,3004658351170884.0
0.2590125425425425,2677635427241814.5
0.259994994994995,2384597325741034.5
0.2609774474474474,2122113714769744.5
0.2619598998998999,1887090946249133.8
0.2629423523523523,1676749147857690.2
0.2639248048048048,1488589475428428.2
0.2649072572572573,1320364623299395.0
0.2658897097097097,1170052630381052.0
0.2668721621621621,1035833589922554.4
0.2678546146146146,916068919945407.5
0.268837067067067,809282893902279.0
0.2698195195195195,714146168183083.6
0.270801971971972,629461075382268.6
0.2717844244244244,554148480407480.06
0.2727668768768769,487236021091652.9
0.2737493293293293,427847576463067.44
0.2747317817817817,375193824619033.44
0.2757142342342342,328563768607502.0
0.2766966866866867,287317123139722.56
0.2776791391391391,250877467605287.75
0.2786615915915916,218726081960270.2
0.279644044044044,190397114598473.88
0.2806264964964965,165481078488531.28
0.2816089489489489,143612262983721.53
0.2825914014014014,124456459991255.86
0.2835738538538538,107709404932962.17
0.2845563063063063,93095266650990.02
0.2855387587587588,80364988805878.89
0.2865212112112112,69294539394669.45
0.2875036636636636,59683116043131.14
0.2884861161161161,51351346408598.35
0.2894685685685685,44139515455931.03
0.290451021021021,37905844587558.71
0.2914334734734735,32524841631037.5
0.2924159259259259,27885735502337.066
0.2933983783783784,23891004935112.598
0.2943808308308308,20455006948278.47
0.2953632832832832,17502707657838.781
0.2963457357357357,14968515560384.035
0.2973281881881882,12795215459266.018
0.2983106406406406,10932999703942.842
0.2992930930930931,9338592305209.31
0.3002755455455455,7974460713744.683
0.301257997997998,6808109551611.901
0.3022404504504504,5811438309271.924
0.3032229029029029,4960047261812.535
0.3042053553553553,4232880578855.831
0.3051878078078078,3611909855666.4497
0.3061702602602602,3081705541720.141
0.3071527127127127,2629065382418.9873
0.3081351651651651,2242695458156.745
0.3091176176176176,1912936462681.9536
0.31010007007007,1631528877678.2527
0.3110825225225225,1391411577786.0686
0.312064974974975,1186549158193.2395
0.3130474274274274,1011783931401.3634
0.3140298798798798,862709104646.18
0.3150123323323323,735560136777.2262
0.3159947847847847,627121693635.4965
0.3169772372372372,534647983184.2782
0.3179596896896897,455794563731.9958
0.3189421421421421,388559987345.53204
0.3199245945945946,331235871928.3428
0.320907047047047,282364194531.2813
0.3218894994994995,240700769723.49976
0.3228719519519519,205184024104.9632
0.3238544044044044,174908304612.32266
0.3248368568568568,149101067016.5498
0.3258193093093093,127103384416.06859
0.3268017617617617,108353295724.32114
0.3277842142142142,92371582983.13635
0.3287666666666666,78749625393.22629
0.3297491191191191,67139028609.86359
0.3307315715715715,57242771289.331825
0.331714024024024,48807648105.67954
0.3326964764764765,41617820364.89194
0.3336789289289289,35489312678.7837
0.3346613813813813,30265317571.54533
0.3356438338338338,25812189936.8522
0.3366262862862862,22016030421.148277
0.3376087387387387,18779771491.635235
0.3385911911911912,16020692509.36524
0.3395736436436436,13668300872.154247
0.3405560960960961,11662525479.938559
0.3415385485485485,9952176629.992153
0.3425210010010009,8493633006.619711
0.3435034534534534,7249711265.586188
0.3444859059059059,6188713186.639781
0.3454683583583584,5283636453.977175
0.3464508108108108,4511478812.262564
0.3474332632632632,3852643570.2407126
0.3484157157157157,3290433724.769637
0.3493981681681681,2810621458.6012774
0.3503806206206206,2401081750.21679
0.3513630730730731,2051480520.8952956
0.3523455255255255,1753009177.8311975
0.353327977977978,1498158630.5700812
0.3543104304304304,1280526893.7284086
0.3552928828828828,1094655269.3184116
0.3562753353353353,935888850.3887726
0.3572577877877878,800257723.9353887
0.3582402402402402,684375791.9791619
0.3592226926926927,585354589.6478276
0.3602051451451451,500729870.2045194
0.3611875975975976,428399059.55966324
0.36217005005005,366567965.65528107
0.3631525025025024,313705368.6859726
0.3641349549549549,268504322.7489924
0.3651174074074074,229849173.58462527
0.3660998598598599,196787445.1491405
0.3670823123123123,168505873.75289425
0.3680647647647647,144309975.69084212
0.3690472172172172,123606625.51214246
0.3700296696696696,105889199.70108402
0.3710121221221221,90724906.6069965
0.3719945745745746,77743979.69346847
0.372977027027027,66630459.041806236
0.3739594794794795,57114326.79290743
0.3749419319319319,48964796.902736165
0.3759243843843843,41984589.12593643
0.3769068368368368,36005042.29494693
0.3778892892892893,30881943.382781155
0.3788717417417417,26491967.081701964
0.3798541941941942,22729636.169676952
0.3808366466466466,19504726.174338523
0.3818190990990991,16740049.121858478
0.3828015515515515,14369560.767238483
0.383784004004004,12336743.890404465
0.3847664564564564,10593227.220397629
0.3857489089089089,9097605.496950168
0.3867313613613614,7814431.248034347
0.3877138138138138,6713353.183185798
0.3886962662662662,5768379.786663376
0.3896787187187187,4957249.835768502
0.3906611711711711,4260894.248405253
0.3916436236236236,3662975.94847448
0.3926260760760761,3149496.3862314746
0.3936085285285285,2708459.0128891845
0.394590980980981,2329581.4267688636
0.3955734334334334,2004049.1181788994
0.3965558858858858,1724304.7726074122
0.3975383383383383,1483867.972901451
0.3985207907907908,1277180.8931035823
0.3995032432432432,1099476.2185558118
0.4004856956956957,946664.0749009296
0.4014681481481481,815235.2165267005
0.4024506006006006,702178.1245656636
0.403433053053053,604908.0057955565
0.4044155055055055,521205.9752505251
0.4053979579579579,449166.95433201874
0.4063804104104104,387155.02891715855
0.4073628628628628,333765.1937182157
0.4083453153153153,287790.56446374545
0.4093277677677677,248194.27221709336
0.4103102202202202,214085.3676171826
0.4112926726726726,184698.15982896744
0.4122751251251251,159374.4979267388
0.4132575775775776,137548.57335641116
0.41424003003003,118733.882774153
0.4152224824824825,102512.04243903294
0.4162049349349349,88523.18971683986
0.4171873873873873,76457.74522273305
0.4181698398398398,66049.34162115741
0.4191522922922923,57068.752906724454
0.4201347447447447,49318.681789338705
0.4211171971971972,42629.28317992435
0.4220996496496496,36854.31921567903
0.4230821021021021,31867.85619968
0.4240645545545545,27561.426620386006
0.425047007007007,23841.590372477494
0.4260294594594594,20627.83868552751
0.4270119119119119,17850.792307738826
0.4279943643643643,15450.652382221942
0.4289768168168168,13375.868358054857
0.4299592692692692,11581.992339820657
0.4309417217217217,10030.693618044646
0.4319241741741741,8688.910843205342
0.4329066266266266,7528.122495970652
0.4338890790790791,6523.719042276126
0.4348715315315315,5654.462334870566
0.4358539839839839,4902.012448205411
0.4368364364364364,4250.528981766316
0.4378188888888888,3686.3400193015545
0.4388013413413413,3197.643146226445
0.4397837937937938,2774.2471589960005
0.4407662462462462,2407.3498467405693
0.4417486986986987,2089.3467510088617
0.4427311511511511,1813.6665370998167
0.4437136036036036,1574.6292329703012
0.444696056056056,1367.3241244257242
0.4456785085085085,1187.5045513541907
0.446660960960961,1031.4972403004053
0.4476434134134134,896.1241432295848
0.4486258658658658,778.6350390035157
0.4496083183183183,676.6493998363125
0.4505907707707707,588.1062357010563
0.4515732232232232,511.22081039592643
0.4525556756756757,444.4472780466703
0.4535381281281281,386.4464219152875
0.4545205805805806,336.0577916462571
0.455503033033033,292.2756332143765
0.4564854854854854,254.2280901363165
0.4574679379379379,221.1592269467256
0.4584503903903903,192.41348820960454
0.4594328428428428,167.42225987307964
0.4604152952952953,145.69224582467388
0.4613977477477477,126.79541212066185
0.4623802002002002,110.36028545592623
0.4633626526526526,96.06442178948708
0.464345105105105,83.62788631076026
0.4653275575575575,72.80760769789653
0.46631001001001,63.392488371502324
0.4672924624624625,55.19916860714473
0.4682749149149149,48.068356300808794
0.4692573673673673,41.86164619216905
0.4702398198198198,36.45876271055875
0.4712222722722722,31.755169545393912
0.4722047247247247,27.65999675493465
0.4731871771771772,24.09424288377263
0.4741696296296296,20.98921530681413
0.4751520820820821,18.285176980304648
0.4761345345345345,15.930172067863529
0.4771169869869869,13.879006613406226
0.4780994394394394,12.092363634123796
0.4790818918918919,10.536034773828195
0.4800643443443443,9.180253049561674
0.4810467967967968,7.999113293628242
0.4820292492492492,6.970068683071214
0.4830117017017017,6.0734932973930125
0.4839941541541541,5.292301985583767
0.4849766066066066,4.6116199837369525
0.485959059059059,4.018493050528704
0.4869415115115115,3.50161305849647
0.487923963963964,3.051127164821713
0.4889064164164164,2.658469257038577
0.4898888688688688,2.31618960545376
0.4908713213213213,2.017807156290596
0.4918537737737737,1.757698865458943
0.4928362262262262,1.5335186229599493
0.4938186786786787,1.3470151683812326
0.4948011311311311,1.1979824049414263
0.4957835835835836,1.0830686860640033
0.496766036036036,0.9936847360087517
0.4977484884884884,0.922484043618615
0.4987309409409409,0.8640070710180177
0.4997133933933934,0.8140563790626891
0.5006958458458458,0.7693093063784475
0.5016782982982982,0.7270886486100303
0.5026607507507508,0.685470038737747
0.5036432032032032,0.6443654361854569
0.5046256556556556,0.6042728153506733
0.5056081081081081,0.5655961603578946
0.5065905605605605,0.5286496360251368
0.507573013013013,0.4936657810368307
0.5085554654654655,0.4608050279667105
0.5095379179179179,0.43012132666965996
0.5105203703703703,0.4014963880687637
0.5115028228228228,0.37479010630456033
0.5124852752752753,0.3498721002651664
0.5134677277277278,0.3266210222843728
0.5144501801801802,0.30492391730054275
0.5154326326326326,0.28467562868909846
0.516415085085085,0.2657782472734842
0.5173975375375375,0.24814060029020554
0.51837998998999,0.23167777732894787
0.5193624424424425,0.2163106904990679
0.5203448948948949,0.20196566628294754
0.5213273473473473,0.1885740667304519
0.5223097997997997,0.17607193782759384
0.5232922522522523,0.16439968303699715
0.5242747047047047,0.1535017601591869
0.5252571571571572,0.14332639980366957
0.5262396096096096,0.13382534388834436
0.527222062062062,0.12495360270382298
0.5282045145145146,0.11666922919004113
0.529186966966967,0.10893310917311815
0.5301694194194194,0.10170876640439568
0.5311518718718719,0.09496218132993962
0.5321343243243243,0.08866162259816095
0.5331167767767767,0.0827774903872418
0.5340992292292293,0.07728217070196336
0.5350816816816817,0.0721498998522796
0.5360641341341341,0.06735663838404907
0.5370465865865865,0.06287995378635533
0.538029039039039,0.05869891134883421
0.5390114914914915,0.05479397258891955
0.539993943943944,0.051146905971943095
0.5409763963963964,0.047740747471335325
0.5419588488488488,0.04455968134795168
0.5429413013013012,0.04158892582632466
0.5439237537537538,0.03881466515030965
0.5449062062062062,0.036223986645419454
0.5458886586586587,0.03380482187922132
0.5468711111111111,0.03154589165219393
0.5478535635635635,0.02943665456904298
0.5488360160160161,0.02746725895683783
0.5498184684684685,0.025628497911825532
0.5508009209209209,0.02391176727097757
0.5517833733733734,0.02230902631770601
0.5527658258258258,0.020812761043714302
0.5537482782782782,0.01941594980060543
0.5547307307307308,0.018112031185681426
0.5557131831831832,0.016894874016615248
0.5566956356356356,0.015758749259132766
0.557678088088088,0.014698303780720259
0.5586605405405405,0.013708535811641574
0.559642992992993,0.012784772002313937
0.5606254454454455,0.011922645973305973
0.5616078978978979,0.011118078260985305
0.5625903503503503,0.010367257568139058
0.5635728028028028,0.00966662323482172
0.5645552552552553,0.009012848850172945
0.5655377077077077,0.008402826931097401
0.5665201601601602,0.00783365459853644
0.5675026126126126,0.007302620186549769
0.568485065065065,0.006807190723626011
0.5694675175175176,0.00634500022957942
0.57044996996997,0.005913838775085793
0.5714324224224224,0.005511642254307287
0.5724148748748749,0.00513648282430944
0.5733973273273273,0.004786559967948616
0.5743797797797797,0.004460192139745389
0.5753622322322323,0.004155808956846689
0.5763446846846847,0.0038719438996837777
0.5773271371371371,0.0036072274891836777
0.5783095895895896,0.003360380909572408
0.579292042042042,0.003130210047798037
0.5802744944944945,0.002915599922482733
0.581256946946947,0.0027155094770811355
0.5822393993993994,0.0025289667135404864
0.5832218518518518,0.002355064144320166
0.5842043043043043,0.002192954542044597
0.5851867567567568,0.002041846967420495
0.5861692092092092,0.0019010030572936393
0.5871516616616617,0.0017697335559068998
0.5881341141141141,0.00164739507351258
0.5891165665665665,0.0015333870575214286
0.590099019019019,0.0014271489623344782
0.5910814714714715,0.0013281576049008167
0.5920639239239239,0.0012359246938837601
0.5930463763763764,0.0011499945211101146
0.5940288288288288,0.0010699418047047263
0.5950112812812812,0.0009953696740077017
0.5959937337337338,0.0009259077870112117
0.5969761861861862,0.0008612105716567254
0.5979586386386386,0.0008009555828917215
0.5989410910910911,0.0007448419679197102
0.5999235435435435,0.0006925890325625683
0.600905995995996,0.0006439349021158526
0.6018884484484485,0.000598635270512536
0.6028709009009009,0.00055646223200794
0.6038533533533533,0.0005172031899789979
0.6048358058058058,0.00048065983778269465
0.6058182582582583,0.0004466472069452149
0.6068007107107107,0.00041499277826632025
0.6077831631631632,0.00038553565170663744
0.6087656156156156,0.00035812577119816836
0.609748068068068,0.00033262320076953575
0.6107305205205205,0.0003088974486116094
0.611712972972973,0.0002868268359320508
0.6126954254254254,0.000266297907650955
0.6136778778778779,0.0002472048821842112
0.6146603303303303,0.00022944913773926726
0.6156427827827827,0.00021293873271871082
0.6166252352352353,0.00019758795798306
0.6176076876876877,0.00018331691887108346
0.6185901401401401,0.0001700511450153603
0.6195725925925926,0.00015772122611708734
0.620555045045045,0.00014626247196673002
0.6215374974974975,0.00013561459510769803
0.62251994994995,0.00012572141464665734
0.6235024024024024,0.00011653057981166186
0.6244848548548548,0.00010799331195142808
0.6254673073073073,0.0001000641637547477
0.6264497597597597,9.27007945497026e-05
0.6274322122122122,8.586376061678425e-05
0.6284146646646647,7.95163195206838e-05
0.6293971171171171,7.362424753075471e-05
0.6303795695695695,6.815566926128508e-05
0.631362022022022,6.308089872069389e-05
0.6323444744744745,5.8372291010966616e-05
0.6333269269269269,5.4004103970072196e-05
0.6343093793793794,4.995236909575002e-05
0.6352918318318318,4.619477126224824e-05
0.6362742842842842,4.271054151171835e-05
0.6372567367367368,3.9480352116573354e-05
0.6382391891891892,3.648621084402174e-05
0.6392216416416416,3.371136984199502e-05
0.6402040940940941,3.1140241185313566e-05
0.6411865465465465,2.875831806637799e-05
0.642168998998999,2.655210125825384e-05
0.6431514514514515,2.450903050210555e-05
0.6441339039039039,2.2617420493715206e-05
0.6451163563563563,2.0866401164994076e-05
0.6460988088088088,1.9245861976179236e-05
0.6470812612612612,1.7746399953067294e-05
0.6480637137137137,1.63592712209727e-05
0.6490461661661662,1.507634580328313e-05
0.6500286186186186,1.3890065467800302e-05
0.651011071071071,1.2793404418205085e-05
0.6519935235235235,1.1779832641278974e-05
0.652975975975976,1.0843281732990083e-05
0.6539584284284284,9.978113038174719e-06
0.6549408808808809,9.179087949396395e-06
0.6559233333333333,8.441340220776088e-06
0.6569057857857857,7.76035016206366e-06
0.6578882382382383,7.131920587143763e-06
0.6588706906906907,6.552154399430388e-06
0.6598531431431431,6.017433704450853e-06
0.6608355955955956,5.524400347108505e-06
0.661818048048048,5.069937777946262e-06
0.6628005005005005,4.651154159056325e-06
0.663782952952953,4.26536662622963e-06
0.6647654054054054,3.910086629456101e-06
0.6657478578578578,3.583006279086868e-06
0.6667303103103103,3.2819856297809482e-06
0.6677127627627627,3.005040838912987e-06
0.6686952152152152,2.7503331402988105e-06
0.6696776676676677,2.5161585780803593e-06
0.6706601201201201,2.3009384492636317e-06
0.6716425725725725,2.103210406870125e-06
0.672625025025025,1.921620178849706e-06
0.6736074774774775,1.7549138609331027e-06
0.6745899299299299,1.601930744384986e-06
0.6755723823823824,1.4615966182826646e-06
0.6765548348348348,1.3329173455834968e-06
0.6775372872872872,1.2149732773266133e-06
0.6785197397397398,1.106914050709685e-06
0.6795021921921922,1.0079535670004542e-06
0.6804846446446446,9.173653209641287e-07
0.6814670970970971,8.344780601911056e-07
0.6824495495495495,7.586717514288978e-07
0.6834320020020019,6.893738326024104e-07
0.6844144544544545,6.260557306673477e-07
0.6853969069069069,5.682296268091899e-07
0.6863793593593593,5.154454517729431e-07
0.6873618118118118,4.672880952919207e-07
0.6883442642642642,4.2337481469071535e-07
0.6893267167167167,3.833528287633962e-07
0.6903091691691692,3.4689708398806067e-07
0.6912916216216216,3.137081810305519e-07
0.692274074074074,2.8351045032112604e-07
0.6932565265265265,2.560501662632944e-07
0.694238978978979,2.3109389035407048e-07
0.6952214314314314,2.084269341673285e-07
0.6962038838838839,1.8785193377813285e-07
0.6971863363363363,1.691875277869231e-07
0.6981687887887887,1.5226713164744154e-07
0.6991512412412413,1.3693780150538882e-07
0.7001336936936937,1.2305918122759062e-07
0.7011161461461461,1.1050252673764872e-07
0.7020985985985986,9.914979619721427e-08
0.703081051051051,8.889279158859848e-08
0.7040635035035034,7.963241912479354e-08
0.705045955955956,7.12779835224746e-08
0.7060284084084084,6.374652013453746e-08
0.7070108608608608,5.6962176443977746e-08
0.7079933133133133,5.085563974066571e-08
0.7089757657657657,4.536360791918805e-08
0.7099582182182183,4.0428300475975626e-08
0.7109406706706707,3.5997006928493585e-08
0.7119231231231231,3.2021670026737145e-08
0.7129055755755755,2.845850127463667e-08
0.713888028028028,2.5267626424789202e-08
0.7148704804804805,2.2412758753282377e-08
0.715852932932933,1.9860898060346984e-08
0.7168353853853854,1.7582053477189294e-08
0.7178178378378378,1.554898828820055e-08
0.7188002902902902,1.3736985101224766e-08
0.7197827427427427,1.2123629815520785e-08
0.7207651951951952,1.068861294811119e-08
0.7217476476476476,9.413546982137703e-09
0.7227301001001001,8.281770778102374e-09
0.7237125525525525,7.278149609048708e-09
0.7246950050050049,6.3890418634506486e-09
0.7256774574574575,5.602178937765724e-09
0.7266599099099099,4.906532719335698e-09
0.7276423623623623,4.292240441065774e-09
0.7286248148148148,3.7504821801229354e-09
0.7296072672672672,3.273307807012266e-09
0.7305897197197198,2.8535572534044055e-09
0.7315721721721722,2.48479202960101e-09
0.7325546246246246,2.161231542523665e-09
0.733537077077077,1.8776939928938766e-09
0.7345195295295295,1.6295416303511621e-09
0.735501981981982,1.4126300787720041e-09
0.7364844344344345,1.2232578166083233e-09
0.7374668868868869,1.0581237136259372e-09
0.7384493393393393,9.142948737542556e-10
0.7394317917917917,7.8916959326115e-10
0.7404142442442442,6.804430390179543e-10
0.7413966966966967,5.860761280923709e-10
0.7423791491491492,5.042673424636986e-10
0.7433616016016016,4.334272337138142e-10
0.744344054054054,3.7215539149255423e-10
0.7453265065065064,3.192196667244536e-10
0.746308958958959,2.735374561937937e-10
0.7472914114114114,2.341588695339805e-10
0.7482738638638639,2.002516129403429e-10
0.7492563163163163,1.7108743626849713e-10
0.7502387687687687,1.460300016835812e-10
0.7512212212212213,1.2452404278261162e-10
0.7522036736736737,1.0608569319411292e-10
0.7531861261261261,9.029387312084403e-11
0.7541685785785786,7.678263117614617e-11
0.755151031031031,6.523434720925101e-11
0.7561334834834835,5.537370964468827e-11
0.757115935935936,4.6962388201718546e-11
0.7580983883883884,3.9794329729081286e-11
0.7590808408408408,3.369161130833747e-11
0.7600632932932933,2.8500790760286448e-11
0.7610457457457457,2.408970025128422e-11
0.7620281981981982,2.034463385468638e-11
0.7630106506506507,1.7167884694332647e-11
0.7639931031031031,1.4475591697815569e-11
0.7649755555555555,1.219586003547785e-11
0.765958008008008,1.0267123033193511e-11
0.7669404604604605,8.636716608214167e-12
0.7679229129129129,7.259640432153398e-12
0.7689053653653654,6.097484521383841e-12
0.7698878178178178,5.11749863411627e-12
0.7708702702702702,4.291786797117984e-12
0.7718527227227228,3.596611472811804e-12
0.7728351751751752,3.011793324086788e-12
0.7738176276276276,2.5201941752910476e-12
0.7748000800800801,2.107272246052123e-12
0.7757825325325325,1.760700060278226e-12
0.7767649849849849,1.470036617163642e-12
0.7777474374374375,1.2264464656352852e-12
0.7787298898898899,1.0224592596124462e-12
0.7797123423423423,8.51764199553325e-13
0.7806947947947948,7.090344963744013e-13
0.7816772472472472,5.897776367193424e-13
0.7826596996996997,4.902077928279653e-13
0.7836421521521522,4.071372143655921e-13
0.7846246046046046,3.3788387127091055e-13
0.785607057057057,2.8019299305166665e-13
0.7865895095095095,2.3217047743406986e-13
0.787571961961962,1.9222642566216551e-13
0.7885544144144144,1.5902730826542967e-13
0.7895368668668669,1.3145547844057967e-13
0.7905193193193193,1.0857493448833223e-13
0.7915017717717717,8.960239170938724e-14
0.7924842242242243,7.388286106927307e-14
0.7934666766766767,6.086904967672535e-14
0.7944491291291291,5.010399923155228e-14
0.7954315815815816,4.1206465312772527e-14
0.796414034034034,3.385861465279692e-14
0.7973964864864864,2.7795681082368735e-14
0.798378938938939,2.2797275122040934e-14
0.7993613913913914,1.8680088529963637e-14
0.8003438438438438,1.529177461652128e-14
0.8013262962962963,1.2505818773415202e-14
0.8023087487487487,1.0217242279974237e-14
0.8032912012012012,8.339006766958916e-15
0.8042736536536537,6.799007363286001e-15
0.8052561061061061,5.53756006161869e-15
0.8062385585585585,4.505303676683583e-15
0.807221011011011,3.6614493319247225e-15
0.8082034634634635,2.9723210353649183e-15
0.8091859159159159,2.4101398850479318e-15
0.8101683683683684,1.9520120265308867e-15
0.8111508208208208,1.5790868817539237e-15
0.8121332732732732,1.2758575610289612e-15
0.8131157257257257,1.029579911885001e-15
0.8140981781781782,8.297904811642258e-16
0.8150806306306306,6.679068814453082e-16
0.8160630830830831,5.368967541590155e-16
0.8170455355355355,4.310037899003813e-16
0.8180279879879879,3.455211693989464e-16
0.8190104404404405,2.766043839776637e-16
0.8199928928928929,2.2111673079367545e-16
0.8209753453453453,1.7650189687702364e-16
0.8219577977977978,1.406789817316781e-16
0.8229402502502502,1.1195609035625702e-16
0.8239227027027027,8.895928171569501e-17
0.8249051551551552,7.05742027752326e-17
0.8258876076076076,5.589819272998088e-17
0.82687006006006,4.4201020773355256e-17
0.8278525125125125,3.489273604063377e-17
0.828834964964965,2.7497370647270183e-17
0.8298174174174174,2.163145474928124e-17
0.8307998698698699,1.698648360911435e-17
0.8317823223223223,1.3314626890353476e-17
0.8327647747747747,1.0417094966025686e-17
0.8337472272272272,8.134680206460182e-18
0.8347296796796797,6.340076605928056e-18
0.8357121321321321,4.931651714793572e-18
0.8366945845845846,3.828403170176809e-18
0.837677037037037,2.965880253053215e-18
0.8386594894894894,2.2928905844367643e-18
0.839641941941942,1.768844757902362e-18
0.8406243943943944,1.3616185967263497e-18
0.8416068468468468,1.045834824420688e-18
0.8425892992992993,8.014840806030744e-19
0.8435717517517517,6.128200915121552e-19
0.8445542042042042,4.6747598946829995e-19
0.8455366566566567,3.557587432835749e-19
0.8465191091091091,2.7008680522502723e-19
0.8475015615615615,2.0454272483746826e-19
0.848484014014014,1.5451789432166478e-19
0.8494664664664664,1.1643099594063435e-19
0.8504489189189189,8.750530184930753e-20
0.8514313713713714,6.559288131048698e-20
0.8524138238238238,4.90361232842709e-20
0.8533962762762762,3.6558885583050885e-20
0.8543787287287287,2.7181118650122536e-20
0.8553611811811812,2.015205097551756e-20
0.8563436336336336,1.4898020218636054e-20
0.8573260860860861,1.098183505406233e-20
0.8583085385385385,8.071194975600135e-21
0.8592909909909909,5.914209255935012e-21
0.8602734434434435,4.3204667682785496e-21
0.8612558958958959,3.1464355892821327e-21
0.8622383483483483,2.284231573998336e-21
0.8632208008008008,1.65300167173827e-21
0.8642032532532532,1.1923313481446666e-21
0.8651857057057057,8.572147399141152e-22
0.8661681581581582,6.142280596865005e-22
0.8671506106106106,4.386268902217604e-22
0.868133063063063,3.121508530259214e-22
0.8691155155155155,2.2136830555026543e-22
0.8700979679679679,1.5643208810319893e-22
0.8710804204204204,1.1014719874917722e-22
0.8720628728728729,7.727444468034435e-23
0.8730453253253253,5.401204821238633e-23
0.8740277777777777,3.761101940695668e-23
0.8750102302302302,2.6090749013982707e-23
0.8759926826826827,1.8029436418602842e-23
0.8769751351351351,1.2410206172541131e-23
0.8779575875875876,8.508520835070215e-24
0.87894004004004,5.810108661962089e-24
0.8799224924924924,3.951357887977258e-24
0.880904944944945,2.6761911304596795e-24
0.8818873973973974,1.8049832665272515e-24
0.8828698498498498,1.2122469416977935e-24
0.8838523023023023,8.106760737360016e-25
0.8848347547547547,5.3978180932640755e-25
0.8858172072072072,3.5783246634120803e-25
0.8867996596596597,2.3616056660910677e-25
0.8877821121121121,1.551586987181259e-25
0.8887645645645645,1.0147527524595278e-25
0.889747017017017,6.605917179092053e-26
0.8907294694694694,4.280231123283143e-26
0.891711921921922,2.7601573145997116e-26
0.8926943743743744,1.7713444001839847e-26
0.8936768268268268,1.1312103348997932e-26
0.8946592792792792,7.188229875406106e-27
0.8956417317317317,4.544688483539773e-27
0.8966241841841842,2.8585994351136578e-27
0.8976066366366366,1.7886728585575242e-27
0.8985890890890891,1.1132588606971373e-27
0.8995715415415415,6.891374577338192e-28
0.9005539939939939,4.242426004721848e-28
0.9015364464464464,2.5970060553280103e-28
0.9025188988988988,1.580631184887728e-28
0.9035013513513512,9.563845716282144e-29
0.9044838038038038,5.75203146918008e-29
0.9054662562562562,3.4382336093608925e-29
0.9064487087087086,2.0422552341251554e-29
0.9074311611611612,1.2052477834861715e-29
0.9084136136136136,7.065801366006855e-30
0.909396066066066,4.114224758633036e-30
0.9103785185185184,2.3788896962244363e-30
0.9113609709709708,1.3656320964392413e-30
0.9123434234234234,7.78170279318301e-31
0.913325875875876,4.400481595196956e-31
0.9143083283283284,2.468925785745201e-31
0.9152907807807809,1.3740101884215844e-31
0.9162732332332332,7.582837452028184e-32
0.9172556856856856,4.1487080445291875e-32
0.918238138138138,2.2496045272411466e-32
0.9192205905905906,1.2085860822794004e-32
0.920203043043043,6.431108217630645e-33
0.9211854954954954,3.3883013891700664e-33
0.922167947947948,1.7668900943701125e-33
0.9231504004004004,9.115980920384724e-34
0.9241328528528528,4.651469309837259e-34
0.9251153053053052,2.346320639433459e-34
0.9260977577577576,1.1695081402396674e-34
0.92708021021021,5.757531604267255e-35
0.9280626626626628,2.798175570370534e-35
0.9290451151151152,1.3418281710702876e-35
0.9300275675675675,6.345544375074781e-36
0.93101002002002,2.95764535945291e-36
0.9319924724724724,1.3579122855330885e-36
0.932974924924925,6.13728614425498e-37
0.9339573773773774,2.7288370083053274e-37
0.9349398298298298,1.1928319259481397e-37
0.9359222822822822,5.122369914601297e-38
0.9369047347347348,2.1593713301370757e-38
0.9378871871871872,8.929097016931058e-39
0.9388696396396397,3.618715171670489e-39
0.939852092092092,1.4361298947579155e-39
0.9408345445445444,5.576138098576897e-40
0.941816996996997,2.1162315720507745e-40
0.9427994494494494,7.842465727982724e-41
0.943781901901902,2.8349887003839875e-41
0.9447643543543544,9.985904426181007e-42
0.9457468068068068,3.423470131633246e-42
0.9467292592592592,1.1409613633846887e-42
0.9477117117117116,3.691969651482075e-43
0.9486941641641642,1.1584031857840054e-43
0.9496766166166166,3.5194942160532947e-44
0.950659069069069,1.03393974849584e-44
0.9516415215215216,2.932568788303568e-45
0.952623973973974,8.017638408994816e-46
0.9536064264264263,2.1093882355873e-46
0.9545888788788788,5.330885754367403e-47
0.9555713313313312,1.2916520472151657e-47
0.9565537837837838,2.9943994273360477e-48
0.9575362362362362,6.6274327981810945e-49
0.9585186886886888,1.3971352507319305e-49
0.9595011411411412,2.798347522651159e-50
0.9604835935935936,5.3108894380633425e-51
0.961466046046046,9.523142093794797e-52
0.9624484984984985,1.6083873812866915e-52
0.9634309509509508,2.550030014416896e-53
0.9644134034034034,3.781630707595485e-54
0.965395855855856,5.225233936929113e-55
0.9663783083083084,6.698958264974449e-56
0.9673607607607608,7.93274230073744e-57
0.9683432132132131,8.634540364583688e-58
0.9693256656656656,8.59355588240772e-59
0.970308118118118,7.77608698410765e-60
0.9712905705705706,6.358343850961926e-61
0.972273023023023,4.667115740664856e-62
0.9732554754754754,3.0533060145077946e-63
0.974237927927928,1.766661958101578e-64
0.9752203803803804,8.965382533662441e-66
0.9762028328328328,3.9544852290628726e-67
0.9771852852852853,1.501296597202934e-68
0.9781677377377376,4.8539461911087745e-70
0.9791501901901902,1.3212541310673513e-71
0.9801326426426428,2.990408052840884e-73
0.9811150950950952,5.552083900617786e-75
0.9820975475475476,8.33271960584661e-77
0.98308,9.949294512495802e-79
