r,nu B8
0.00161,3.512240585334266e-05
0.0025924524524524525,8.133576157897914e-05
0.0035749049049049048,0.00014800885994690124
0.004557357357357358,0.00023366952492103593
0.00553980980980981,0.00033815556822471183
0.006522262262262262,0.00046099767729822
0.007504714714714715,0.0006009096884285327
0.008487167167167168,0.000756898541339707
0.00946961961961962,0.000928392138229333
0.010452072072072072,0.0011149169789049231
0.011434524524524524,0.0013157495561783826
0.012416976976976976,0.0015297552551087237
0.01339942942942943,0.0017555562065028473
0.014381881881881883,0.0019917553233833453
0.015364334334334335,0.0022369560680115946
0.016346786786786787,0.0024897330780988525
0.01732923923923924,0.002748602846730074
0.01831169169169169,0.0030120064041476344
0.019294144144144144,0.003278314451460024
0.020276596596596596,0.003545863618732607
0.021259049049049048,0.0038130261669128466
0.0222415015015015,0.004078272429402545
0.023223953953953953,0.0043401882326110095
0.024206406406406405,0.004597476940552291
0.02518885885885886,0.004848956706874769
0.026171311311311313,0.00509355421858761
0.027153763763763765,0.005330296057860018
0.028136216216216217,0.005558298716743369
0.02911866866866867,0.005776758177642802
0.03010112112112112,0.0059849398341756755
0.031083573573573574,0.006182169383493404
0.032066026026026026,0.006367825179736489
0.03304847847847848,0.006541332403799654
0.03403093093093093,0.006702159279610302
0.03501338338338338,0.006849815452735148
0.035995835835835835,0.006983852543436622
0.03697828828828829,0.007103866792940616
0.03796074074074074,0.007209503638217141
0.03894319319319319,0.00730046397678548
0.039925645645645644,0.007376511819094935
0.040908098098098096,0.0074374829725206044
0.04189055055055055,0.007483294352165787
0.042873003003003,0.007513952510383511
0.04385545545545545,0.007529556041871821
0.044837907907907905,0.007530292270053381
0.04582036036036036,0.007516432604966286
0.04680281281281281,0.007488327250776738
0.04778526526526526,0.007446399365550133
0.04876771771771772,0.007391138775917658
0.04975017017017017,0.007323095348795789
0.050732622622622625,0.007242872120186364
0.05171507507507508,0.0071511182774822955
0.05269752752752753,0.007048522086829645
0.05367997997997998,0.006935803851149906
0.054662432432432434,0.006813708977614797
0.055644884884884886,0.00668300122589069
0.05662733733733734,0.006544456200527015
0.05760978978978979,0.006398855142635952
0.05859224224224224,0.006246979067670621
0.059574694694694695,0.006089603287812404
0.06055714714714715,0.005927492349358954
0.0615395995995996,0.005761395407686518
0.06252205205205205,0.0055920420549399495
0.0635045045045045,0.0054201386086671095
0.06448695695695696,0.005246364863221612
0.06546940940940942,0.00507137129995865
0.06645186186186186,0.004895776747071425
0.06743431431431432,0.004720166475378294
0.06841676676676677,0.004545090712473807
0.06939921921921922,0.004371063554393322
0.07038167167167167,0.004198562251290072
0.07136412412412413,0.0040280268415594945
0.07234657657657657,0.003859860107333389
0.07332902902902903,0.0036944278232665523
0.07431148148148148,0.00353205927000847
0.07529393393393394,0.003373047983645615
0.07627638638638638,0.0032176527126697657
0.07725883883883884,0.0030660985546259968
0.07824129129129129,0.002918578245475102
0.07922374374374375,0.002775253575821811
0.08020619619619619,0.0026362569094708246
0.08118864864864865,0.002501692781234478
0.0821711011011011,0.0023716395524915933
0.08315355355355356,0.002246151104651502
0.084136006006006,0.002125258552378458
0.08511845845845846,0.0020089719601510164
0.0861009109109109,0.0018972820474443797
0.08708336336336336,0.001790161869508337
0.08806581581581581,0.0016875684623518011
0.08904826826826827,0.0015894444421215748
0.09003072072072071,0.0014957195505649439
0.09101317317317317,0.0014063121396840693
0.09199562562562562,0.0013211305900171677
0.09297807807807808,0.001240074658212361
0.09396053053053052,0.0011630367506917938
0.09494298298298298,0.0010899031212350495
0.09592543543543544,0.0010205549912421718
0.09690788788788789,0.0009548695922694315
0.09789034034034035,0.0008927211311682868
0.09887279279279279,0.0008339816788028456
0.09985524524524525,0.000778521983878591
0.1008376976976977,0.0007262122138893941
0.10182015015015015,0.0006769226255866946
0.1028026026026026,0.0006305241676994515
0.10378505505505506,0.0005868890188918485
0.1047675075075075,0.0005458910641435513
0.10574995995995996,0.0005074063128801792
0.10673241241241241,0.0004713132622753845
0.10771486486486487,0.0004374932091955789
0.10869731731731731,0.0004058305142695943
0.10967976976976977,0.00037621282154291324
0.11066222222222222,0.00034853123712459515
0.11164467467467468,0.000322680470158632
0.11262712712712712,0.0002985589393546737
0.11360957957957958,0.0002760688481991361
0.11459203203203203,0.0002551162318403914
0.11557448448448449,0.0002356109785038649
0.11655693693693693,0.00021746682814736498
0.11753938938938939,0.00020060135091617542
0.11852184184184184,0.0001849359078036199
0.1195042942942943,0.00017039559576777482
0.12048674674674674,0.00015690917940051275
0.1214691991991992,0.00014440901109242835
0.12245165165165164,0.00013283094148767028
0.1234341041041041,0.0001221142218772485
0.12441655655655655,0.00011220140003886223
0.125399009009009,0.00010303821089626719
0.12638146146146145,9.457346324226175e-05
0.1273639139139139,8.675892364679579e-05
0.12834636636636637,7.954919855583216e-05
0.12932881881881883,7.290161547748662e-05
0.13031127127127126,6.677610404975152e-05
0.13129372372372372,6.113507768872027e-05
0.13227617617617618,5.5943316427630866e-05
0.13325862862862864,5.116785147503377e-05
0.13424108108108107,4.677785194486199e-05
0.13522353353353353,4.27445141418596e-05
0.136205985985986,3.9040953722488786e-05
0.13718843843843845,3.564210099380744e-05
0.13817089089089088,3.252459956062367e-05
0.13915334334334334,2.966670848416188e-05
0.1401357957957958,2.7048208073252143e-05
0.14111824824824826,2.4650309391352435e-05
0.1421007007007007,2.245556752924339e-05
0.14308315315315315,2.0447798663698045e-05
0.1440656056056056,1.861200089652992e-05
0.14504805805805807,1.6934278845882742e-05
0.1460305105105105,1.540177194215392e-05
0.14701296296296296,1.4002586351178029e-05
0.14799541541541542,1.2725730350912792e-05
0.14897786786786787,1.1561053114585038e-05
0.1499603203203203,1.0499186964763396e-05
0.15094277277277277,9.531492987052266e-06
0.15192522522522522,8.650009856077638e-06
0.15290767767767768,7.84740573003593e-06
0.15389013013013011,7.11693307380145e-06
0.15487258258258257,6.452386274165292e-06
0.15585503503503503,5.848061914280201e-06
0.1568374874874875,5.298721577853297e-06
0.15781993993993992,4.799557057102982e-06
0.15880239239239238,4.3461578420000535e-06
0.15978484484484484,3.9344807718672965e-06
0.1607672972972973,3.5608217340214584e-06
0.16174974974974976,3.221789297815329e-06
0.1627322022022022,2.91428017616893e-06
0.16371465465465465,2.635456410465387e-06
0.1646971071071071,2.3827241785184882e-06
0.16567955955955957,2.1537141291837296e-06
0.166662012012012,1.9462631510720026e-06
0.16764446446446446,1.758397486718465e-06
0.16862691691691692,1.5883171074466377e-06
0.16960936936936938,1.4343812680335497e-06
0.1705918218218218,1.295095164112738e-06
0.17157427427427427,1.169097619033873e-06
0.17255672672672673,1.0551497306188129e-06
0.1735391791791792,9.521244119015045e-07
0.17452163163163162,8.589967636757012e-07
0.17550408408408408,7.74835224609535e-07
0.17648653653653654,6.987934483229355e-07
0.177468988988989,6.301028411136638e-07
0.17845144144144143,5.680657066718731e-07
0.1794338938938939,5.12048954835366e-07
0.18041634634634635,4.614783338003338e-07
0.1813987987987988,4.1583314725120283e-07
0.18238125125125124,3.7464141996188636e-07
0.1833637037037037,3.3747547751763245e-07
0.18434615615615615,3.039479078859434e-07
0.1853286086086086,2.7370787460572406e-07
0.18631106106106105,2.464377533501559e-07
0.1872935135135135,2.2185006553783068e-07
0.18827596596596596,1.9968468450958913e-07
0.18925841841841842,1.7970629154847036e-07
0.19024087087087088,1.61702060693206e-07
0.1912233233233233,1.4547955287914785e-07
0.19220577577577577,1.308648014337711e-07
0.19318822822822823,1.1770057235727267e-07
0.1941706806806807,1.0584478413362928e-07
0.19515313313313312,9.516907304610326e-08
0.19613558558558558,8.555749111629499e-08
0.19711803803803804,7.690532485068481e-08
0.1981004904904905,6.911802396670626e-08
0.19908294294294293,6.211023018563367e-08
0.2000653953953954,5.5804897025612264e-08
0.20104784784784785,5.013249230919136e-08
0.2020303003003003,4.5030275819439603e-08
0.20301275275275274,4.0441645201164656e-08
0.2039952052052052,3.631554381258759e-08
0.20497765765765766,3.260592479175921e-08
0.20596011011011012,2.927126611452184e-08
0.20694256256256255,2.6274131890317095e-08
0.207925015015015,2.3580775571763322e-08
0.20890746746746747,2.116078114674787e-08
0.20988991991991993,1.8986738740612276e-08
0.21087237237237236,1.7033951383551146e-08
0.21185482482482482,1.5280169997099283e-08
0.21283727727727728,1.370535392588352e-08
0.21381972972972974,1.2291454588853382e-08
0.21480218218218217,1.1022220049998184e-08
0.21578463463463463,9.883018513985765e-09
0.21676708708708708,8.860678938960691e-09
0.21774953953953954,7.943347128517106e-09
0.21873199199199198,7.120355818645372e-09
0.21971444444444443,6.382107359292944e-09
0.2206968968968969,5.719967562530609e-09
0.22167934934934935,5.126169862504102e-09
0.2226618018018018,4.593729068957969e-09
0.22364425425425424,4.116363742849232e-09
0.2246267067067067,3.688426294325973e-09
0.22560915915915916,3.3048400065109606e-09
0.22659161161161162,2.9610422783588184e-09
0.22757406406406405,2.6529334581827454e-09
0.2285565165165165,2.376830707917624e-09
0.22953896896896897,2.129426398196012e-09
0.23052142142142143,1.9077505870432045e-09
0.23150387387387386,1.7091371814581428e-09
0.23248632632632632,1.5311934221921681e-09
0.23346877877877878,1.3717723683971516e-09
0.23445123123123124,1.2289480911076794e-09
0.23543368368368367,1.1009933132781015e-09
0.23641613613613613,9.863592597639792e-10
0.2373985885885886,8.836575036050661e-10
0.23838104104104105,7.916436155614341e-10
0.23936349349349348,7.092024423600775e-10
0.24034594594594594,6.353348557663821e-10
0.2413283983983984,5.691458296157851e-10
0.24231085085085086,5.098337155028367e-10
0.2432933033033033,4.5668060008770576e-10
0.24427575575575575,4.090436380783107e-10
0.2452582082082082,3.6634726500000734e-10
0.24624066066066067,3.2807620297813325e-10
0.2472231131131131,2.9376918102451424e-10
0.24820556556556556,2.6301329881828303e-10
0.24918801801801801,2.354389697767394e-10
0.2501704704704705,2.107153853883712e-10
0.2511529229229229,1.885464483851352e-10
0.2521353753753754,1.6866712741693897e-10
0.2531178278278278,1.5084019050489371e-10
0.25410028028028026,1.3485327873377822e-10
0.25508273273273274,1.2051628543679565e-10
0.2560651851851852,1.0765900956210218e-10
0.25704763763763766,9.612905502264867e-11
0.2580300900900901,8.578995064768108e-11
0.2590125425425425,7.65194679022405e-11
0.259994994994995,6.820811586658719e-11
0.26097744744744744,6.07577987075794e-11
0.2619598998998999,5.4080634658643926e-11
0.26294235235235236,4.8097904506505694e-11
0.2639248048048048,4.273909395723155e-11
0.2649072572572573,3.7941023153889375e-11
0.2658897097097097,3.36470594478146e-11
0.26687216216216214,2.980640865004866e-11
0.26785461461461463,2.6373479469696956e-11
0.26883706706706706,2.3307315598084427e-11
0.2698195195195195,2.0571089846658495e-11
0.270801971971972,1.8131654834848097e-11
0.2717844244244244,1.595914490782659e-11
0.2727668768768769,1.4026624210833181e-11
0.2737493293293293,1.2309776132716576e-11
0.27473178178178176,1.0786629639769397e-11
0.27571423423423425,9.437318340071366e-12
0.2766966866866867,8.243868440484849e-12
0.2776791391391391,7.1900120779576275e-12
0.2786615915915916,6.261022820447142e-12
0.279644044044044,5.443570431866387e-12
0.2806264964964965,4.7255915655195206e-12
0.28160894894894895,4.096171687475816e-12
0.2825914014014014,3.545439929734423e-12
0.28357385385385386,3.0644782141316477e-12
0.2845563063063063,2.6452415523128146e-12
0.2855387587587588,2.2804867455731695e-12
0.2865212112112112,1.9637074603119094e-12
0.28750366366366364,1.6890742488890232e-12
0.28848611611611613,1.4513785445456934e-12
0.28946856856856856,1.245980004112561e-12
0.290451021021021,1.0687568228617565e-12
0.2914334734734735,9.160588196228867e-13
0.2924159259259259,7.846632029342079e-13
0.2933983783783784,6.717329944781516e-13
0.29438083083083083,5.747781164188593e-13
0.29536328328328326,4.916191547302717e-13
0.29634573573573575,4.203537995804268e-13
0.2973281881881882,3.5932594302507376e-13
0.2983106406406406,3.0709738881846605e-13
0.2992930930930931,2.624221028635955e-13
0.30027554554554553,2.242229083242857e-13
0.301257997997998,1.915705083768108e-13
0.30224045045045045,1.6366470323307217e-13
0.3032229029029029,1.3981769196457377e-13
0.30420535535535537,1.1943941604515462e-13
0.3051878078078078,1.0202459640347385e-13
0.30617026026026023,8.714117186307081e-14
0.3071527127127127,7.442007501903694e-14
0.30813516516516515,6.354627005929585e-14
0.30911761761761763,5.4250952802000874e-14
0.31010007007007007,4.630480183760627e-14
0.3110825225225225,3.951216705353974e-14
0.312064974974975,3.370608492296682e-14
0.3130474274274274,2.874401654198518e-14
0.31402987987987985,2.450421293489059e-14
0.31501233233233233,2.088262153590892e-14
0.31599478478478477,1.7790257279590118e-14
0.31697723723723725,1.515097093384878e-14
0.3179596896896897,1.2899555917707069e-14
0.3189421421421421,1.0980142716905558e-14
0.3199245945945946,9.344837088084014e-15
0.32090704704704703,7.952564525458131e-15
0.3218894994994995,6.768088986786937e-15
0.32287195195195195,5.761178691278174e-15
0.3238544044044044,4.90589353102748e-15
0.32483685685685687,4.179923785901247e-15
0.3258193093093093,3.563945166097743e-15
0.32680176176176173,3.0411373282026854e-15
0.3277842142142142,2.5968582895405024e-15
0.32876666666666665,2.2184069359203165e-15
0.32974911911911914,1.894845900881862e-15
0.33073157157157157,1.6170436864342855e-15
0.331714024024024,1.3779070436104768e-15
0.3326964764764765,1.1723092417489916e-15
0.3336789289289289,9.967377999824907e-16
0.33466138138138135,8.487826078450059e-16
0.33564383383383384,7.261132049847249e-16
0.33662628628628627,6.2535084776448745e-16
0.33760873873873876,5.417683245747751e-16
0.3385911911911912,4.698319567678221e-16
0.3395736436436436,4.04734214536047e-16
0.3405560960960961,3.4363213646297093e-16
0.34153854854854854,2.8604296999163873e-16
0.34252100100100097,2.3345277626837437e-16
0.34350345345345346,1.8827667173834529e-16
0.3444859059059059,1.5238635962917684e-16
0.3454683583583584,1.2616512160804942e-16
0.3464508108108108,1.0876891271592532e-16
0.34743326326326324,9.878047553468722e-17
0.3484157157157157,9.454306935127305e-17
0.34939816816816816,9.39016972490463e-17
0.35038062062062064,9.367285553356118e-17
0.3513630730730731,8.980777394232447e-17
0.3523455255255255,7.892936020708537e-17
0.353327977977978,6.095813600966641e-17
0.3543104304304304,4.0187827619345857e-17
0.35529288288288285,2.2446817861708447e-17
0.35627533533533534,1.0840279380449362e-17
0.3572577877877878,4.737950753399191e-18
0.35824024024024026,1.994167646970878e-18
0.3592226926926927,8.659106340143539e-19
0.3602051451451451,4.1442991524311517e-19
0.3611875975975976,2.3071388903148184e-19
0.36217005005005004,1.5426775014383022e-19
0.36315250250250247,1.2445705922590078e-19
0.36413495495495496,1.1878946897238514e-19
0.3651174074074074,1.2929723559318695e-19
0.3660998598598599,1.5317312488482232e-19
0.3670823123123123,1.8797485965613286e-19
0.36806476476476474,2.284639974695696e-19
0.3690472172172172,2.659673233674915e-19
0.37002966966966966,2.9151120214051415e-19
0.3710121221221221,3.000908585188711e-19
0.3719945745745746,2.9268500939477847e-19
0.372977027027027,2.7482875525337996e-19
0.3739594794794795,2.5336367556419207e-19
0.3749419319319319,2.338055680597828e-19
0.37592438438438436,2.193144652501268e-19
0.37690683683683684,2.1087060939668106e-19
0.3778892892892893,2.081088197214047e-19
0.37887174174174176,2.0999422578666604e-19
0.3798541941941942,2.1509954441737987e-19
0.3808366466466466,2.2174018115444093e-19
0.3818190990990991,2.2818802028147256e-19
0.38280155155155154,2.3306540964710606e-19
0.383784004004004,2.3570866891206237e-19
0.38476645645645646,2.36166570986164e-19
0.3857489089089089,2.349947366046246e-19
0.3867313613613614,2.3298267616714186e-19
0.3877138138138138,2.308763304308353e-19
0.38869626626626624,2.291586973327988e-19
0.38967871871871873,2.280124003645926e-19
0.39066117117117116,2.2741245627404443e-19
0.3916436236236236,2.272243852916089e-19
0.3926260760760761,2.2729384905627664e-19
0.3936085285285285,2.2750131429708767e-19
0.394590980980981,2.277658001487619e-19
0.39557343343343343,2.280374141490524e-19
0.39655588588588586,2.2829002148888454e-19
0.39753833833833835,2.285139655511591e-19
0.3985207907907908,2.2870875868966764e-19
0.3995032432432432,2.288766288179161e-19
0.4004856956956957,2.2901987816362465e-19
0.40146814814814813,2.291406910453657e-19
0.4024506006006006,2.2924113485872927e-19
0.40343305305305305,2.293231615271634e-19
0.4044155055055055,2.2938860930473313e-19
0.40539795795795797,2.294392048893038e-19
0.4063804104104104,2.294765658082756e-19
0.40736286286286283,2.295022030419986e-19
0.4083453153153153,2.29517523853326e-19
0.40932776776776775,2.2952383479457514e-19
0.41031022022022023,2.295223448660815e-19
0.41129267267267267,2.295141688032255e-19
0.4122751251251251,2.295003304713365e-19
0.4132575775775776,2.294817663501022e-19
0.41424003003003,2.294593290916357e-19
0.4152224824824825,2.294337911379278e-19
0.41620493493493493,2.2940584838571597e-19
0.41718738738738737,2.293761238882106e-19
0.41816983983983985,2.2934517158488767e-19
0.4191522922922923,2.2931348005174063e-19
0.4201347447447447,2.292814762658557e-19
0.4211171971971972,2.292495293792753e-19
0.42209964964964963,2.2921795449787887e-19
0.4230821021021021,2.2918701646226026e-19
0.42406455455455455,2.291569336280479e-19
0.425047007007007,2.2912788164386774e-19
0.42602945945945947,2.290999972256769e-19
0.4270119119119119,2.2907338192681076e-19
0.42799436436436433,2.290481059031349e-19
0.4289768168168168,2.2902421167335215e-19
0.42995926926926925,2.290017178744557e-19
0.43094172172172174,2.289806230127621e-19
0.43192417417417417,2.2896090921075166e-19
0.4329066266266266,2.289425459503484e-19
0.4338890790790791,2.289254938130612e-19
0.4348715315315315,2.2890970821734766e-19
0.43585398398398395,2.288951430160972e-19
0.43683643643643644,2.2888175269684715e-19
0.43781888888888887,2.288694927355414e-19
0.43880134134134136,2.288583195880756e-19
0.4397837937937938,2.2884819067830196e-19
0.4407662462462462,2.288390643861603e-19
0.4417486986986987,2.288309000359884e-19
0.44273115115115114,2.2882365788494797e-19
0.4437136036036036,2.28817299111577e-19
0.44469605605605605,2.2881178580450472e-19
0.4456785085085085,2.288070809512315e-19
0.446660960960961,2.288031484270476e-19
0.4476434134134134,2.287999529840674e-19
0.44862586586586584,2.287974602403588e-19
0.4496083183183183,2.287956366691459e-19
0.45059077077077075,2.2879444958811235e-19
0.45157322322322324,2.287938671488361e-19
0.4525556756756757,2.287938583262251e-19
0.4535381281281281,2.2879439290809294e-19
0.4545205805805806,2.2879544148477236e-19
0.455503033033033,2.2879697543879805e-19
0.45648548548548545,2.2879896693468407e-19
0.45746793793793794,2.288013889087107e-19
0.45845039039039037,2.288042150588152e-19
0.45943284284284286,2.288074198345027e-19
0.4604152952952953,2.2881097842680826e-19
0.4613977477477477,2.2881486675832595e-19
0.4623802002002002,2.2881906147326582e-19
0.46336265265265264,2.2882353992753867e-19
0.46434510510510507,2.2882828017889214e-19
0.46532755755755756,2.288332609770958e-19
0.46631001001001,2.288384617541065e-19
0.4672924624624625,2.2884386261432064e-19
0.4682749149149149,2.2884944432482475e-19
0.46925736736736734,2.288551883056585e-19
0.4702398198198198,2.2886107662012297e-19
0.47122227227227226,2.288670919651063e-19
0.4722047247247247,2.2887321766140355e-19
0.4731871771771772,2.288794376440884e-19
0.4741696296296296,2.2888573645287127e-19
0.4751520820820821,2.288920992224689e-19
0.4761345345345345,2.2889851167303573e-19
0.47711698698698696,2.289049601005232e-19
0.47809943943943944,2.289114313671174e-19
0.4790818918918919,2.289179128916463e-19
0.48006434434434436,2.289243926400015e-19
0.4810467967967968,2.2893085911560985e-19
0.4820292492492492,2.289373013498067e-19
0.4830117017017017,2.2894370889231e-19
0.48399415415415414,2.289500718016703e-19
0.4849766066066066,2.289563806356857e-19
0.48595905905905906,2.28962626441881e-19
0.4869415115115115,2.2896880074791255e-19
0.487923963963964,2.289748955520403e-19
0.4889064164164164,2.2898090331357075e-19
0.48988886886886884,2.2898681694328575e-19
0.49087132132132133,2.289926297938935e-19
0.49185377377377376,2.2899833565045553e-19
0.4928362262262262,2.290039287208422e-19
0.4938186786786787,2.290094036261486e-19
0.4948011311311311,2.290147553911313e-19
0.4957835835835836,2.2901997943462693e-19
0.49676603603603603,2.2902507155999324e-19
0.49774848848848846,2.2903002794551114e-19
0.49873094094094095,2.290348451348051e-19
0.4997133933933934,2.2903952002725623e-19
0.5006958458458458,2.2904404986841267e-19
0.5016782982982982,2.290484322403817e-19
0.5026607507507508,2.290526650522525e-19
0.5036432032032032,2.2905674653045947e-19
0.5046256556556556,2.2906067520919723e-19
0.5056081081081081,2.2906444992080743e-19
0.5065905605605605,2.2906806978614845e-19
0.507573013013013,2.290715342049802e-19
0.5085554654654655,2.290748428463486e-19
0.5095379179179179,2.2907799563895394e-19
0.5105203703703703,2.2908099276149787e-19
0.5115028228228228,2.2908383463310124e-19
0.5124852752752753,2.2908652190360534e-19
0.5134677277277278,2.2908905544397007e-19
0.5144501801801802,2.290914363366164e-19
0.5154326326326326,2.290936658657829e-19
0.516415085085085,2.290957455078818e-19
0.5173975375375375,2.29097676921828e-19
0.51837998998999,2.290994619394151e-19
0.5193624424424425,2.2910110255563423e-19
0.5203448948948949,2.2910260091902735e-19
0.5213273473473473,2.291039593220255e-19
0.5223097997997997,2.2910518019129834e-19
0.5232922522522523,2.2910626607806346e-19
0.5242747047047047,2.291072196484543e-19
0.5252571571571572,2.291080436738531e-19
0.5262396096096096,2.291087410211952e-19
0.527222062062062,2.2910931464333275e-19
0.5282045145145146,2.2910976756936723e-19
0.529186966966967,2.29110102894958e-19
0.5301694194194194,2.2911032377268634e-19
0.5311518718718719,2.2911043340237085e-19
0.5321343243243243,2.291104350214015e-19
0.5331167767767767,2.291103318950703e-19
0.5340992292292293,2.2911012730691106e-19
0.5350816816816817,2.2910982454903843e-19
0.5360641341341341,2.2910942691246217e-19
0.5370465865865865,2.2910893767743825e-19
0.538029039039039,2.291083601037978e-19
0.5390114914914915,2.2910769742128785e-19
0.539993943943944,2.2910695281991137e-19
0.5409763963963964,2.2910612944131544e-19
0.5419588488488488,2.291052303751882e-19
0.5429413013013012,2.2910425865924584e-19
0.5439237537537538,2.291032172796376e-19
0.5449062062062062,2.291021091712658e-19
0.5458886586586587,2.291009372181494e-19
0.5468711111111111,2.2909970425379743e-19
0.5478535635635635,2.2909841306154713e-19
0.5488360160160161,2.2909706637495014e-19
0.5498184684684685,2.290956668781023e-19
0.5508009209209209,2.2909421720602687e-19
0.5517833733733734,2.290927199450297e-19
0.5527658258258258,2.2909117763305353e-19
0.5537482782782782,2.290895927600508e-19
0.5547307307307308,2.2908796776833304e-19
0.5557131831831832,2.290863050529427e-19
0.5566956356356356,2.2908460696202575e-19
0.557678088088088,2.2908287579716506e-19
0.5586605405405405,2.2908111381378333e-19
0.559642992992993,2.290793232214623e-19
0.5606254454454455,2.2907750618435933e-19
0.5616078978978979,2.290756648215178e-19
0.5625903503503503,2.2907380120727137e-19
0.5635728028028028,2.290719173715958e-19
0.5645552552552553,2.2907001530047616e-19
0.5655377077077077,2.2906809693626493e-19
0.5665201601601602,2.2906616417805543e-19
0.5675026126126126,2.2906421888204733e-19
0.568485065065065,2.290622628619094e-19
0.5694675175175176,2.290602978891493e-19
0.57044996996997,2.2905832569347454e-19
0.5714324224224224,2.2905634796316828e-19
0.5724148748748749,2.2905436634544483e-19
0.5733973273273273,2.2905238244682787e-19
0.5743797797797797,2.2905039783350755e-19
0.5753622322322323,2.290484140317175e-19
0.5763446846846847,2.290464325280901e-19
0.5773271371371371,2.2904445477002395e-19
0.5783095895895896,2.2904248216607563e-19
0.579292042042042,2.2904051608629285e-19
0.5802744944944945,2.2903855786259907e-19
0.581256946946947,2.290366087891645e-19
0.5822393993993994,2.2903467012276596e-19
0.5832218518518518,2.2903274308315264e-19
0.5842043043043043,2.2903082885342295e-19
0.5851867567567568,2.2902892858038814e-19
0.5861692092092092,2.290270433749287e-19
0.5871516616616617,2.2902517431237688e-19
0.5881341141141141,2.29023322432886e-19
0.5891165665665665,2.2902148874177953e-19
0.590099019019019,2.290196742099368e-19
0.5910814714714715,2.2901787977414786e-19
0.5920639239239239,2.290161063374939e-19
0.5930463763763764,2.290143547697071e-19
0.5940288288288288,2.2901262590753083e-19
0.5950112812812812,2.290109205550998e-19
0.5959937337337338,2.290092394843003e-19
0.5969761861861862,2.2900758343514836e-19
0.5979586386386386,2.2900595311613485e-19
0.5989410910910911,2.290043492046132e-19
0.5999235435435435,2.2900277234716276e-19
0.600905995995996,2.290012231599449e-19
0.6018884484484485,2.2899970222907927e-19
0.6028709009009009,2.289982101110183e-19
0.6038533533533533,2.2899674733289743e-19
0.6048358058058058,2.289953143929058e-19
0.6058182582582583,2.2899391176067537e-19
0.6068007107107107,2.289925398775974e-19
0.6077831631631632,2.289911991572621e-19
0.6087656156156156,2.2898988998575404e-19
0.609748068068068,2.2898861272205453e-19
0.6107305205205205,2.289873676984119e-19
0.611712972972973,2.2898615522070216e-19
0.6126954254254254,2.2898497556877506e-19
0.6136778778778779,2.2898382899685223e-19
0.6146603303303303,2.2898271573387084e-19
0.6156427827827827,2.289816359838632e-19
0.6166252352352353,2.2898058992632083e-19
0.6176076876876877,2.289795777165476e-19
0.6185901401401401,2.289785994860407e-19
0.6195725925925926,2.2897765534285664e-19
0.620555045045045,2.289767453719678e-19
0.6215374974974975,2.289758696356264e-19
0.62251994994995,2.2897502817374913e-19
0.6235024024024024,2.289742210042602e-19
0.6244848548548548,2.289734481234703e-19
0.6254673073073073,2.2897270950644427e-19
0.6264497597597597,2.289720051073494e-19
0.6274322122122122,2.289713348598512e-19
0.6284146646646647,2.28970698677447e-19
0.6293971171171171,2.289700964538408e-19
0.6303795695695695,2.289695280633326e-19
0.631362022022022,2.2896899336114683e-19
0.6323444744744745,2.2896849218381594e-19
0.6333269269269269,2.289680243495589e-19
0.6343093793793794,2.289675896586162e-19
0.6352918318318318,2.2896718789364167e-19
0.6362742842842842,2.2896681882004645e-19
0.6372567367367368,2.28966482186385e-19
0.6382391891891892,2.2896617772470316e-19
0.6392216416416416,2.2896590515091803e-19
0.6402040940940941,2.289656641651587e-19
0.6411865465465465,2.2896545445216105e-19
0.642168998998999,2.2896527568161036e-19
0.6431514514514515,2.2896512750852455e-19
0.6441339039039039,2.2896500957359875e-19
0.6451163563563563,2.2896492150358114e-19
0.6460988088088088,2.2896486291163974e-19
0.6470812612612612,2.289648333977308e-19
0.6480637137137137,2.28964832548943e-19
0.6490461661661662,2.289648599398885e-19
0.6500286186186186,2.289649151330449e-19
0.651011071071071,2.289649976791391e-19
0.6519935235235235,2.2896510711750216e-19
0.652975975975976,2.2896524297643053e-19
0.6539584284284284,2.2896540477356e-19
0.6549408808808809,2.2896559201622277e-19
0.6559233333333333,2.2896580420181424e-19
0.6569057857857857,2.2896604081816476e-19
0.6578882382382383,2.2896630134388596e-19
0.6588706906906907,2.2896658524876316e-19
0.6598531431431431,2.28966891994094e-19
0.6608355955955956,2.2896722103307176e-19
0.661818048048048,2.289675718111255e-19
0.6628005005005005,2.28967943766315e-19
0.663782952952953,2.2896833632967835e-19
0.6647654054054054,2.289687489256004e-19
0.6657478578578578,2.2896918097217564e-19
0.6667303103103103,2.289696318815727e-19
0.6677127627627627,2.2897010106039934e-19
0.6686952152152152,2.2897058791007254e-19
0.6696776676676677,2.28971091827174e-19
0.6706601201201201,2.2897161220382787e-19
0.6716425725725725,2.2897214842804696e-19
0.672625025025025,2.2897269988411414e-19
0.6736074774774775,2.2897326595293432e-19
0.6745899299299299,2.2897384601242135e-19
0.6755723823823824,2.2897443943783142e-19
0.6765548348348348,2.289750456021519e-19
0.6775372872872872,2.2897566387645526e-19
0.6785197397397398,2.2897629363026756e-19
0.6795021921921922,2.289769342319333e-19
0.6804846446446446,2.289775850489843e-19
0.6814670970970971,2.2897824544848955e-19
0.6824495495495495,2.289789147974351e-19
0.6834320020020019,2.2897959246309495e-19
0.6844144544544545,2.289802778133733e-19
0.6853969069069069,2.289809702171904e-19
0.6863793593593593,2.2898166904482694e-19
0.6873618118118118,2.289823736683248e-19
0.6883442642642642,2.289830834618016e-19
0.6893267167167167,2.2898379780186634e-19
0.6903091691691692,2.2898451606794725e-19
0.6912916216216216,2.289852376426831e-19
0.692274074074074,2.2898596191226043e-19
0.6932565265265265,2.289866882668143e-19
0.694238978978979,2.2898741610076553e-19
0.6952214314314314,2.2898814481318786e-19
0.6962038838838839,2.289888738081882e-19
0.6971863363363363,2.289896024952646e-19
0.6981687887887887,2.289903302896752e-19
0.6991512412412413,2.289910566127833e-19
0.7001336936936937,2.2899178089245786e-19
0.7011161461461461,2.2899250256341333e-19
0.7020985985985986,2.2899322106757086e-19
0.703081051051051,2.289939358544522e-19
0.7040635035035034,2.289946463815186e-19
0.705045955955956,2.289953521145461e-19
0.7060284084084084,2.289960525279983e-19
0.7070108608608608,2.2899674710536566e-19
0.7079933133133133,2.289974353395724e-19
0.7089757657657657,2.2899811673330456e-19
0.7099582182182183,2.2899879079939046e-19
0.7109406706706707,2.2899945706117397e-19
0.7119231231231231,2.2900011505286504e-19
0.7129055755755755,2.290007643199203e-19
0.713888028028028,2.2900140441939553e-19
0.7148704804804805,2.2900203492031144e-19
0.715852932932933,2.2900265540403984e-19
0.7168353853853854,2.290032654646336e-19
0.7178178378378378,2.290038647092337e-19
0.7188002902902902,2.2900445275840295e-19
0.7197827427427427,2.2900502924649913e-19
0.7207651951951952,2.290055938220594e-19
0.7217476476476476,2.290061461481305e-19
0.7227301001001001,2.290066859026659e-19
0.7237125525525525,2.2900721277873465e-19
0.7246950050050049,2.290077264844762e-19
0.7256774574574575,2.290082267429232e-19
0.7266599099099099,2.290087132918274e-19
0.7276423623623623,2.2900918588350256e-19
0.7286248148148148,2.2900964428462067e-19
0.7296072672672672,2.290100882760736e-19
0.7305897197197198,2.2901051765278784e-19
0.7315721721721722,2.2901093222353373e-19
0.7325546246246246,2.2901133181078524e-19
0.733537077077077,2.2901171625052706e-19
0.7345195295295295,2.2901208539206596e-19
0.735501981981982,2.2901243909791445e-19
0.7364844344344345,2.2901277724354217e-19
0.7374668868868869,2.2901309971727458e-19
0.7384493393393393,2.290134064200649e-19
0.7394317917917917,2.2901369726535537e-19
0.7404142442442442,2.290139721788883e-19
0.7413966966966967,2.2901423109854134e-19
0.7423791491491492,2.290144739741533e-19
0.7433616016016016,2.2901470076734644e-19
0.744344054054054,2.2901491145135384e-19
0.7453265065065064,2.290151060108551e-19
0.746308958958959,2.290152844417943e-19
0.7472914114114114,2.290154467512079e-19
0.7482738638638639,2.290155929570673e-19
0.7492563163163163,2.290157230880765e-19
0.7502387687687687,2.2901583718352997e-19
0.7512212212212213,2.2901593529310997e-19
0.7522036736736737,2.2901601747674828e-19
0.7531861261261261,2.290160838044141e-19
0.7541685785785786,2.2901613435597765e-19
0.755151031031031,2.29016169221013e-19
0.7561334834834835,2.2901618849863723e-19
0.757115935935936,2.2901619229731916e-19
0.7580983883883884,2.2901618073474066e-19
0.7590808408408408,2.2901615393759423e-19
0.7600632932932933,2.2901611204140677e-19
0.7610457457457457,2.290160551904065e-19
0.7620281981981982,2.29015983537285e-19
0.7630106506506507,2.2901589724309586e-19
0.7639931031031031,2.290157964770316e-19
0.7649755555555555,2.2901568141625866e-19
0.765958008008008,2.2901555224576947e-19
0.7669404604604605,2.290154091581741e-19
0.7679229129129129,2.2901525235355608e-19
0.7689053653653654,2.2901508203928667e-19
0.7698878178178178,2.290148984298448e-19
0.7708702702702702,2.290147017466654e-19
0.7718527227227228,2.290144922179422e-19
0.7728351751751752,2.290142700784668e-19
0.7738176276276276,2.2901403556945972e-19
0.7748000800800801,2.2901378893838476e-19
0.7757825325325325,2.290135304387952e-19
0.7767649849849849,2.2901326033013146e-19
0.7777474374374375,2.2901297887758025e-19
0.7787298898898899,2.290126863518721e-19
0.7797123423423423,2.290123830291334e-19
0.7806947947947948,2.2901206919070603e-19
0.7816772472472472,2.290117451229545e-19
0.7826596996996997,2.290114111171234e-19
0.7836421521521522,2.2901106746914225e-19
0.7846246046046046,2.2901071447946053e-19
0.785607057057057,2.290103524528772e-19
0.7865895095095095,2.2900998169836236e-19
0.787571961961962,2.290096025288867e-19
0.7885544144144144,2.2900921526124533e-19
0.7895368668668669,2.2900882021589635e-19
0.7905193193193193,2.29008417716766e-19
0.7915017717717717,2.290080080910969e-19
0.7924842242242243,2.2900759166926207e-19
0.7934666766766767,2.2900716878459844e-19
0.7944491291291291,2.2900673977323426e-19
0.7954315815815816,2.2900630497390344e-19
0.796414034034034,2.2900586472779945e-19
0.7973964864864864,2.290054193783633e-19
0.798378938938939,2.2900496927115267e-19
0.7993613913913914,2.2900451475363907e-19
0.8003438438438438,2.2900405617504137e-19
0.8013262962962963,2.290035938861606e-19
0.8023087487487487,2.2900312823920603e-19
0.8032912012012012,2.29002659587609e-19
0.8042736536536537,2.2900218828586626e-19
0.8052561061061061,2.2900171468935753e-19
0.8062385585585585,2.290012391541737e-19
0.807221011011011,2.290007620369513e-19
0.8082034634634635,2.29000283694682e-19
0.8091859159159159,2.2899980448456426e-19
0.8101683683683684,2.2899932476380477e-19
0.8111508208208208,2.2899884488946295e-19
0.8121332732732732,2.2899836521828055e-19
0.8131157257257257,2.289978861064906e-19
0.8140981781781782,2.2899740790966e-19
0.8150806306306306,2.289969309825058e-19
0.8160630830830831,2.2899645567874003e-19
0.8170455355355355,2.2899598235086925e-19
0.8180279879879879,2.289955113500538e-19
0.8190104404404405,2.289950430259097e-19
0.8199928928928929,2.289945777263397e-19
0.8209753453453453,2.289941157973707e-19
0.8219577977977978,2.2899365758298326e-19
0.8229402502502502,2.2899320342491656e-19
0.8239227027027027,2.289927536625173e-19
0.8249051551551552,2.2899230863256506e-19
0.8258876076076076,2.289918686690816e-19
0.82687006006006,2.2899143410318106e-19
0.8278525125125125,2.2899100526287514e-19
0.828834964964965,2.289905824729235e-19
0.8298174174174174,2.2899016605464264e-19
0.8307998698698699,2.2898975632574323e-19
0.8317823223223223,2.289893536001484e-19
0.8327647747747747,2.289889581878309e-19
0.8337472272272272,2.289885703946335e-19
0.8347296796796797,2.289881905220947e-19
0.8357121321321321,2.2898781886729005e-19
0.8366945845845846,2.289874557226389e-19
0.837677037037037,2.2898710137574555e-19
0.8386594894894894,2.2898675610921576e-19
0.839641941941942,2.2898642020050536e-19
0.8406243943943944,2.2898609392171774e-19
0.8416068468468468,2.289857775394601e-19
0.8425892992992993,2.2898547131463727e-19
0.8435717517517517,2.28985175502321e-19
0.8445542042042042,2.289848903515421e-19
0.8455366566566567,2.289846161051293e-19
0.8465191091091091,2.2898435299954297e-19
0.8475015615615615,2.2898410126469164e-19
0.848484014014014,2.2898386112377275e-19
0.8494664664664664,2.2898363279308003e-19
0.8504489189189189,2.2898341648184633e-19
0.8514313713713714,2.2898321239207505e-19
0.8524138238238238,2.289830207183492e-19
0.8533962762762762,2.289828416476707e-19
0.8543787287287287,2.289826753592915e-19
0.8553611811811812,2.289825220245194e-19
0.8563436336336336,2.2898238180658283e-19
0.8573260860860861,2.289822548604178e-19
0.8583085385385385,2.2898214133251976e-19
0.8592909909909909,2.289820413607623e-19
0.8602734434434435,2.2898195507422644e-19
0.8612558958958959,2.2898188259303435e-19
0.8622383483483483,2.289818240281563e-19
0.8632208008008008,2.2898177948126275e-19
0.8642032532532532,2.2898174904453546e-19
0.8651857057057057,2.2898173280050237e-19
0.8661681581581582,2.289817308218544e-19
0.8671506106106106,2.289817431712842e-19
0.868133063063063,2.289817699013103e-19
0.8691155155155155,2.28981811054099e-19
0.8700979679679679,2.2898186666130717e-19
0.8710804204204204,2.2898193674387605e-19
0.8720628728728729,2.2898202131189854e-19
0.8730453253253253,2.2898212036441283e-19
0.8740277777777777,2.289822338892584e-19
0.8750102302302302,2.289823618628829e-19
0.8759926826826827,2.2898250425016605e-19
0.8769751351351351,2.2898266100426596e-19
0.8779575875875876,2.2898283206643564e-19
0.87894004004004,2.289830173658523e-19
0.8799224924924924,2.289832168194281e-19
0.880904944944945,2.289834303316678e-19
0.8818873973973974,2.2898365779447364e-19
0.8828698498498498,2.2898389908696936e-19
0.8838523023023023,2.2898415407534817e-19
0.8848347547547547,2.289844226126853e-19
0.8858172072072072,2.289847045387543e-19
0.8867996596596597,2.289849996798828e-19
0.8877821121121121,2.2898530784875524e-19
0.8887645645645645,2.289856288442463e-19
0.889747017017017,2.2898596245124824e-19
0.8907294694694694,2.2898630844051156e-19
0.891711921921922,2.2898666656843845e-19
0.8926943743743744,2.289870365769443e-19
0.8936768268268268,2.289874181932642e-19
0.8946592792792792,2.289878111297917e-19
0.8956417317317317,2.2898821508389703e-19
0.8966241841841842,2.289886297377466e-19
0.8976066366366366,2.2898905475816254e-19
0.8985890890890891,2.289894897964013e-19
0.8995715415415415,2.2898993448802395e-19
0.9005539939939939,2.289903884526975e-19
0.9015364464464465,2.2899085129403148e-19
0.9025188988988989,2.28991322599398e-19
0.9035013513513513,2.2899180193977e-19
0.9044838038038038,2.2899228886953575e-19
0.9054662562562562,2.289927829263298e-19
0.9064487087087086,2.2899328363087355e-19
0.9074311611611612,2.2899379048676304e-19
0.9084136136136136,2.289943029803433e-19
0.909396066066066,2.2899482058050744e-19
0.9103785185185185,2.289953427385336e-19
0.9113609709709709,2.2899586888789703e-19
0.9123434234234234,2.289963984441181e-19
0.9133258758758759,2.289969308045692e-19
0.9143083283283283,2.289974653483246e-19
0.9152907807807807,2.289980014359555e-19
0.9162732332332332,2.289985384093901e-19
0.9172556856856857,2.28999075591714e-19
0.9182381381381381,2.289996122870149e-19
0.9192205905905906,2.2900014778020246e-19
0.920203043043043,2.290006813368281e-19
0.9211854954954954,2.290012122029297e-19
0.922167947947948,2.2900173960484557e-19
0.9231504004004004,2.2900226274903286e-19
0.9241328528528528,2.290027808219158e-19
0.9251153053053053,2.290032929897073e-19
0.9260977577577577,2.2900379839821457e-19
0.9270802102102101,2.2900429617270015e-19
0.9280626626626627,2.2900478541767597e-19
0.9290451151151151,2.2900526521676313e-19
0.9300275675675675,2.2900573463248375e-19
0.93101002002002,2.2900619270611914e-19
0.9319924724724724,2.2900663845752045e-19
0.932974924924925,2.290070708849445e-19
0.9339573773773774,2.290074889648666e-19
0.9349398298298298,2.29007891651829e-19
0.9359222822822822,2.2900827787825273e-19
0.9369047347347347,2.2900864655426884e-19
0.9378871871871872,2.290089965675566e-19
0.9388696396396397,2.290093267831435e-19
0.9398520920920921,2.2900963604326927e-19
0.9408345445445445,2.2900992316719017e-19
0.941816996996997,2.2901018695101298e-19
0.9427994494494494,2.290104261675221e-19
0.9437819019019019,2.2901063956601e-19
0.9447643543543544,2.290108258721025e-19
0.9457468068068068,2.290109837875915e-19
0.9467292592592592,2.290111119902659e-19
0.9477117117117116,2.2901120913372226e-19
0.9486941641641642,2.290112738472183e-19
0.9496766166166166,2.290113047354896e-19
0.950659069069069,2.2901130037857134e-19
0.9516415215215215,2.290112593316397e-19
0.9526239739739739,2.290111801248452e-19
0.9536064264264265,2.290110612631168e-19
0.9545888788788789,2.2901090122602754e-19
0.9555713313313313,2.2901069846759323e-19
0.9565537837837838,2.2901045141611973e-19
0.9575362362362362,2.290101584740208e-19
0.9585186886886887,2.2900981801766937e-19
0.9595011411411412,2.2900942839720263e-19
0.9604835935935936,2.290089879363665e-19
0.961466046046046,2.290084949323544e-19
0.9624484984984985,2.2900794765561692e-19
0.9634309509509509,2.2900734434970836e-19
0.9644134034034034,2.2900668323111735e-19
0.9653958558558559,2.290059624890973e-19
0.9663783083083083,2.290051802854973e-19
0.9673607607607607,2.2900433475458746e-19
0.9683432132132131,2.290034240029071e-19
0.9693256656656657,2.2900244610908535e-19
0.9703081181181181,2.2900139912368763e-19
0.9712905705705706,2.2900028106902205e-19
0.972273023023023,2.289990899390109e-19
0.9732554754754754,2.2899782369898796e-19
0.974237927927928,2.289964802855598e-19
0.9752203803803804,2.289950576064298e-19
0.9762028328328328,2.289935535402318e-19
0.9771852852852853,2.2899196593636264e-19
0.9781677377377377,2.289902926148351e-19
0.9791501901901902,2.289885313660925e-19
0.9801326426426427,2.289866799508549e-19
0.9811150950950951,2.2898473609996427e-19
0.9820975475475475,2.289826975142036e-19
0.98308,2.2898056186415225e-19
