r,nu F17
0.00161,3.1824036146388514e-05
0.0025924524524524525,7.442234775421515e-05
0.0035749049049049048,0.00013546196530469682
0.004557357357357358,0.0002135754302779483
0.00553980980980981,0.00030904366311016915
0.006522262262262262,0.00042175790818231313
0.007504714714714715,0.0005505246032769061
0.008487167167167168,0.0006942256861849274
0.00946961961961962,0.0008520594206959118
0.010452072072072072,0.0010233514943098004
0.011434524524524524,0.001207317226970026
0.012416976976976976,0.001402944697494467
0.01339942942942943,0.001609112191420665
0.014381881881881883,0.0018247361738347938
0.015364334334334335,0.0020487566196026167
0.016346786786786787,0.002280083587416791
0.01732923923923924,0.0025175475360030945
0.01831169169169169,0.002759866798292519
0.019294144144144144,0.0030056438887940034
0.020276596596596596,0.003253400403925834
0.021259049049049048,0.003501653172240022
0.0222415015015015,0.003748984990206224
0.023223953953953953,0.0039940662429214
0.024206406406406405,0.004235660757480159
0.02518885885885886,0.004472627454252958
0.026171311311311313,0.0047039187496264005
0.027153763763763765,0.004928576538933641
0.028136216216216217,0.0051457265515576795
0.02911866866866867,0.005354571802824741
0.03010112112112112,0.005554385780218022
0.031083573573573574,0.0057445059034958055
0.032066026026026026,0.005924327696282628
0.03304847847847848,0.006093300005503497
0.03403093093093093,0.006250921507924446
0.03501338338338338,0.006396738652059032
0.035995835835835835,0.006530345099905037
0.03697828828828829,0.006651382656909862
0.03796074074074074,0.006759543610443258
0.03894319319319319,0.00685457433701387
0.039925645645645644,0.0069362799866981685
0.040908098098098096,0.0070045300101118126
0.04189055055055055,0.0070592642538020965
0.042873003003003,0.007100498545051125
0.04385545545545545,0.007128325514469617
0.044837907907907905,0.007142910962112799
0.04582036036036036,0.007144489274386694
0.04680281281281281,0.0071333584440858395
0.04778526526526526,0.007109874782485936
0.04876771771771772,0.007074447408152347
0.04975017017017017,0.00702753259284604
0.050732622622622625,0.0069696280397494445
0.05171507507507508,0.006901267163390273
0.05269752752752753,0.006823013434298413
0.05367997997997998,0.0067354548447635925
0.054662432432432434,0.0066391985452251
0.055644884884884886,0.006534865693964022
0.05662733733733734,0.006423086556002654
0.05760978978978979,0.006304495880553231
0.05859224224224224,0.006179728580084283
0.059574694694694695,0.006049415728159669
0.06055714714714715,0.0059141808877046405
0.0615395995995996,0.005774636776307028
0.06252205205205205,0.005631382270590356
0.0635045045045045,0.005484999747619061
0.06448695695695696,0.005336052757708757
0.06546940940940942,0.005185084019916724
0.06645186186186186,0.005032613728859807
0.06743431431431432,0.004879138159331384
0.06841676676676677,0.004725128553438792
0.06939921921921922,0.004571030273628563
0.07038167167167167,0.00441726220397765
0.07136412412412413,0.004264216381470957
0.07234657657657657,0.004112257838624999
0.07332902902902903,0.003961724638719751
0.07431148148148148,0.0038129280850342983
0.07529393393393394,0.003666153085811369
0.07627638638638638,0.003521658657174775
0.07725883883883884,0.0033796785468588387
0.07824129129129129,0.003240421962357541
0.07922374374374375,0.0031040743879359014
0.08020619619619619,0.002970798475846038
0.08118864864864865,0.0028407349980355905
0.0821711011011011,0.0027140038456081885
0.08315355355355356,0.0025907050642799932
0.084136006006006,0.002470919915058615
0.08511845845845846,0.0023547119503402087
0.0861009109109109,0.002242128096567557
0.08708336336336336,0.0021331997355083124
0.08806581581581581,0.002027943777092488
0.08904826826826827,0.001926363717586422
0.09003072072072071,0.0018284506776738148
0.09101317317317317,0.0017341844157595396
0.09199562562562562,0.0016435343125086686
0.09297807807807808,0.001556460323279259
0.09396053053053052,0.001472913895704426
0.09494298298298298,0.0013928388502257927
0.09592543543543544,0.0013161722209430434
0.09690788788788789,0.0012428450471444524
0.09789034034034035,0.001172783114842766
0.09887279279279279,0.0011059076618235174
0.09985524524524525,0.0010421360481652948
0.1008376976976977,0.0009813823911333937
0.10182015015015015,0.0009235581636738743
0.1028026026026026,0.0008685727560699938
0.10378505505505506,0.0008163340006288173
0.1047675075075075,0.0007667486595421535
0.10574995995995996,0.000719722876313773
0.10673241241241241,0.0006751625913644743
0.10771486486486487,0.000632973922619101
0.10869731731731731,0.0005930635120462425
0.10967976976976977,0.0005553388392630559
0.11066222222222222,0.0005197085034360944
0.11164467467467468,0.0004860824748055339
0.11262712712712712,0.0004543723172360931
0.11360957957957958,0.00042449138325521086
0.11459203203203203,0.00039635498307875286
0.11557448448448449,0.00036988052914848263
0.11655693693693693,0.00034498765771535803
0.11753938938938939,0.00032159832899952465
0.11852184184184184,0.00029963690744361297
0.1195042942942943,0.00027903022355150466
0.12048674674674674,0.0002597076187718195
0.1214691991991992,0.00024160097484500115
0.12245165165165164,0.00022464472898635774
0.1234341041041041,0.00020877587622566504
0.12441655655655655,0.00019393396016826757
0.125399009009009,0.00018006105338358466
0.12638146146146145,0.00016710172856573087
0.1273639139139139,0.00015500302154810403
0.12834636636636637,0.00014371438719016182
0.12932881881881883,0.00013318764909067997
0.13031127127127126,0.00012337694401820407
0.13129372372372372,0.00011423866188657655
0.13227617617617618,0.00010573138204181356
0.13325862862862864,9.781580656652575e-05
0.13424108108108107,9.045469124984661e-05
0.13522353353353353,8.361277481468835e-05
0.136205985985986,7.72567069402747e-05
0.13718843843843845,7.135497556646005e-05
0.13817089089089088,6.58778339174504e-05
0.13915334334334334,6.079722763625559e-05
0.1401357957957958,5.6086722377586654e-05
0.14111824824824826,5.172143216595453e-05
0.1421007007007007,4.767794878745603e-05
0.14308315315315315,4.3934272448079996e-05
0.1440656056056056,4.0469743898308806e-05
0.14504805805805807,3.726497819324512e-05
0.1460305105105105,3.430180022940596e-05
0.14701296296296296,3.156318217333488e-05
0.14799541541541542,2.903318287215545e-05
0.14897786786786787,2.66968893172847e-05
0.1499603203203203,2.454036021562408e-05
0.15094277277277277,2.2550571702261872e-05
0.15192522522522522,2.0715365212631066e-05
0.15290767767767768,1.902339751835684e-05
0.15389013013013011,1.7464092918926562e-05
0.15487258258258257,1.6027597570679467e-05
0.15585503503503503,1.470473592534543e-05
0.1568374874874875,1.3486969242366933e-05
0.15781993993993992,1.2366356132406488e-05
0.15880239239239238,1.1335515083673158e-05
0.15978484484484484,1.0387588917922015e-05
0.1607672972972973,9.516211119076561e-06
0.16174974974974976,8.715473974336623e-06
0.1627322022022022,7.979898465266286e-06
0.16371465465465465,7.304405844643143e-06
0.1646971071071071,6.68429083371977e-06
0.16567955955955957,6.115196373934888e-06
0.166662012012012,5.593089866954202e-06
0.16764446446446446,5.114240837167093e-06
0.16862691691691692,4.675199951358795e-06
0.16960936936936938,4.272779331171957e-06
0.1705918218218218,3.904034095127266e-06
0.17157427427427427,3.566245068342907e-06
0.17255672672672673,3.2569025996474588e-06
0.1735391791791792,2.973691427482827e-06
0.17452163163163162,2.714476537817552e-06
0.17550408408408408,2.477289959204999e-06
0.17648653653653654,2.2603184421065665e-06
0.177468988988989,2.061891971632118e-06
0.17845144144144143,1.8804730649120645e-06
0.1794338938938939,1.7146468063902802e-06
0.18041634634634635,1.5631115764000763e-06
0.1813987987987988,1.4246704304448187e-06
0.18238125125125124,1.2982230886386766e-06
0.1833637037037037,1.1827584967636463e-06
0.18434615615615615,1.0773479223570382e-06
0.1853286086086086,9.811385511540412e-07
0.18631106106106105,8.933475510668075e-07
0.1872935135135135,8.1325657268024e-07
0.18827596596596596,7.402066569831903e-07
0.18925841841841842,6.735935227279858e-07
0.19024087087087088,6.128632074210479e-07
0.1912233233233233,5.575080374907465e-07
0.19220577577577577,5.070629046551802e-07
0.19318822822822823,4.6110182692302575e-07
0.1941706806806807,4.19234774004294e-07
0.19515313313313312,3.8110473818662346e-07
0.19613558558558558,3.4638503294706484e-07
0.19711803803803804,3.147768027207938e-07
0.1981004904904905,2.8600672833856203e-07
0.19908294294294293,2.5982491367535143e-07
0.2000653953953954,2.3600294002602662e-07
0.20104784784784785,2.1433207564134476e-07
0.2020303003003003,1.946216287218905e-07
0.20301275275275274,1.766974329803358e-07
0.2039952052052052,1.6040045564613004e-07
0.20497765765765766,1.455855185034364e-07
0.20596011011011012,1.3212012322507684e-07
0.20694256256256255,1.1988337289455146e-07
0.207925015015015,1.0876498219699834e-07
0.20890746746746747,9.866436931039192e-08
0.20988991991991993,8.948982304228347e-08
0.21087237237237236,8.115773923705986e-08
0.21185482482482482,7.35919209258888e-08
0.21283727727727728,6.672293710809812e-08
0.21381972972972974,6.04875354405253e-08
0.21480218218218217,5.482810447205797e-08
0.21578463463463463,4.9692181395796295e-08
0.21676708708708708,4.50320016026551e-08
0.21774953953953954,4.080408660917162e-08
0.21873199199199198,3.696886720033047e-08
0.21971444444444443,3.349033887555481e-08
0.2206968968968969,3.03357469130108e-08
0.22167934934934935,2.747529858915547e-08
0.2226618018018018,2.4881900288602507e-08
0.22364425425425424,2.2530917415061283e-08
0.2246267067067067,2.0399955182143543e-08
0.22560915915915916,1.8468658518779664e-08
0.22659161161161162,1.6718529467898496e-08
0.22757406406406405,1.513276058976964e-08
0.2285565165165165,1.3696083003769747e-08
0.22953896896896897,1.2394627815104057e-08
0.23052142142142143,1.1215799776872071e-08
0.23150387387387386,1.0148162133487618e-08
0.23248632632632632,9.181331679460207e-09
0.23346877877877878,8.305883148487652e-09
0.23445123123123124,7.513262122235586e-09
0.23543368368368367,6.795705716587685e-09
0.23641613613613613,6.1461703659957075e-09
0.2373985885885886,5.5582660842783245e-09
0.23838104104104105,5.026196633204298e-09
0.23936349349349348,4.544705078820819e-09
0.24034594594594594,4.1090242600961414e-09
0.2413283983983984,3.714831735349755e-09
0.24231085085085086,3.358208809442229e-09
0.2432933033033033,3.0356032790592846e-09
0.24427575575575575,2.743795564903097e-09
0.2452582082082082,2.4798679284309336e-09
0.24624066066066067,2.24117649717105e-09
0.2472231131131131,2.025325846798234e-09
0.24820556556556556,1.8301459102466633e-09
0.24918801801801801,1.6536710043475755e-09
0.2501704704704705,1.4941207829568282e-09
0.2511529229229229,1.3498829424279554e-09
0.2521353753753754,1.219497520719633e-09
0.2531178278278278,1.101642645526912e-09
0.25410028028028026,9.951215997015223e-10
0.25508273273273274,8.988510839842541e-10
0.2560651851851852,8.118505678036189e-10
0.25704763763763766,7.332326286880023e-10
0.2580300900900901,6.621941897732044e-10
0.2590125425425425,5.980085730354345e-10
0.259994994994995,5.400182933107651e-10
0.26097744744744744,4.876285249334745e-10
0.2619598998998999,4.4030117899276905e-10
0.26294235235235236,3.9754953484980704e-10
0.2639248048048048,3.589333746854972e-10
0.2649072572572573,3.2405457450257535e-10
0.2658897097097097,2.9255310925426714e-10
0.26687216216216214,2.641034336419142e-10
0.26785461461461463,2.384112036460641e-10
0.26883706706706706,2.1521030706055815e-10
0.2698195195195195,1.942601742150311e-10
0.270801971971972,1.7534334272349917e-10
0.2717844244244244,1.5826325250858938e-10
0.2727668768768769,1.4284224954407533e-10
0.2737493293293293,1.2891977875195016e-10
0.27473178178178176,1.1635074830222756e-10
0.27571423423423425,1.0500404921028348e-10
0.2766966866866867,9.47612156225191e-11
0.2776791391391391,8.551521254013538e-11
0.2786615915915916,7.716933896511286e-11
0.279644044044044,6.96362355733068e-11
0.2806264964964965,6.283698703722886e-11
0.28160894894894895,5.6700310044919617e-11
0.2825914014014014,5.1161818899782756e-11
0.28357385385385386,4.616336134720108e-11
0.2845563063063063,4.165241796416692e-11
0.2855387587587588,3.758155907455711e-11
0.2865212112112112,3.3907953720825474e-11
0.28750366366366364,3.059292573821613e-11
0.28848611611611613,2.7601552444858853e-11
0.28946856856856856,2.4902301884808e-11
0.290451021021021,2.2466704945166758e-11
0.2914334734734735,2.0269059016601813e-11
0.2924159259259259,1.8286160182087215e-11
0.2933983783783784,1.6497061204664786e-11
0.29438083083083083,1.488285284408812e-11
0.29536328328328326,1.3426466266936799e-11
0.29634573573573575,1.2112494527425465e-11
0.2973281881881882,1.0927031288695133e-11
0.2983106406406406,9.85752512880004e-12
0.2992930930930931,8.892647933527347e-12
0.30027554554554553,8.022176021183822e-12
0.301257997997998,7.236882773941871e-12
0.30224045045045045,6.5284416675248174e-12
0.3032229029029029,5.889338697078168e-12
0.30420535535535537,5.312793293070723e-12
0.3051878078078078,4.7926869079381224e-12
0.30617026026026023,4.323498532782947e-12
0.3071527127127127,3.900246474563598e-12
0.30813516516516515,3.518435788537419e-12
0.30911761761761763,3.1740108189206003e-12
0.31010007007007007,2.863312353367516e-12
0.3110825225225225,2.5830389444740063e-12
0.312064974974975,2.3302119945646224e-12
0.3130474274274274,2.1021442389501254e-12
0.31402987987987985,1.896411298040861e-12
0.31501233233233233,1.7108260005232846e-12
0.31599478478478477,1.543415208575543e-12
0.31697723723723725,1.3923989021015565e-12
0.3179596896896897,1.2561713024684736e-12
0.3189421421421421,1.1332838374752187e-12
0.3199245945945946,1.0224297684785125e-12
0.32090704704704703,9.224303179518789e-13
0.3218894994994995,8.322221514288487e-13
0.32287195195195195,7.50846081946825e-13
0.3238544044044044,6.774368779038875e-13
0.32483685685685687,6.112140668028481e-13
0.3258193093093093,5.514736377995974e-13
0.32680176176176173,4.975805554068216e-13
0.3277842142142142,4.4896200522499254e-13
0.32876666666666665,4.0510130026809417e-13
0.32974911911911914,3.655323834021262e-13
0.33073157157157157,3.298348676909388e-13
0.331714024024024,2.976295621119142e-13
0.3326964764764765,2.6857443522212233e-13
0.3336789289289289,2.4236097397668504e-13
0.33466138138138135,2.1871089907345434e-13
0.33564383383383384,1.9737320196511752e-13
0.33662628628628627,1.7812147208053022e-13
0.33760873873873876,1.6075148586705853e-13
0.3385911911911912,1.4507903203711395e-13
0.3395736436436436,1.3093794990340374e-13
0.3405560960960961,1.1817835994555317e-13
0.34153854854854854,1.0666506778854718e-13
0.34252100100100097,9.62761246128508e-14
0.34350345345345346,8.690152864043967e-14
0.3444859059059059,7.844205355140982e-14
0.3454683583583584,7.080819144756964e-14
0.3464508108108108,6.391919973420572e-14
0.34743326326326324,5.77022417706262e-14
0.3484157157157157,5.209161199720717e-14
0.34939816816816816,4.7028037179329726e-14
0.35038062062062064,4.245804624728078e-14
0.3513630730730731,3.833340196363543e-14
0.3523455255255255,3.461058832511772e-14
0.353327977977978,3.125034821263569e-14
0.3543104304304304,2.8217266348220033e-14
0.35529288288288285,2.5479393107555395e-14
0.35627533533533534,2.3007905177324846e-14
0.3572577877877878,2.0776799442846503e-14
0.35824024024024026,1.876261684804835e-14
0.3592226926926927,1.6944193290761057e-14
0.3602051451451451,1.5302434905252566e-14
0.3611875975975976,1.3820115344162366e-14
0.36217005005005004,1.2481692906406307e-14
0.36315250250250247,1.1273145568832887e-14
0.36413495495495496,1.0181822169772774e-14
0.3651174074074074,9.196308164188489e-15
0.3660998598598599,8.306304524827156e-15
0.3670823123123123,7.502518503255254e-15
0.36806476476476474,6.776565090436853e-15
0.3690472172172172,6.1208781299698195e-15
0.37002966966966966,5.5286301394238665e-15
0.3710121221221221,4.993659987546066e-15
0.3719945745745746,4.510407658382584e-15
0.372977027027027,4.073855408517339e-15
0.3739594794794795,3.679474691427143e-15
0.3749419319319319,3.3231782841437376e-15
0.37592438438438436,3.001277110959908e-15
0.37690683683683684,2.710441518513449e-15
0.3778892892892893,2.4476670229550784e-15
0.37887174174174176,2.2102433827483855e-15
0.3798541941941942,1.995726202304786e-15
0.3808366466466466,1.801910939971573e-15
0.3818190990990991,1.6268092135674634e-15
0.38280155155155154,1.468627276272087e-15
0.383784004004004,1.325746523562116e-15
0.38476645645645646,1.1967058860639606e-15
0.3857489089089089,1.0801859620669223e-15
0.3867313613613614,9.749947457442167e-16
0.3877138138138138,8.800548118754376e-16
0.38869626626626624,7.943918242779553e-16
0.38967871871871873,7.171242426507148e-16
0.39066117117117116,6.47454110662145e-16
0.3916436236236236,5.846588165417609e-16
0.3926260760760761,5.28083725918108e-16
0.3936085285285285,4.771355950050215e-16
0.394590980980981,4.312766803521922e-16
0.39557343343343343,3.900194691564346e-16
0.39655588588588586,3.5292196152363343e-16
0.39753833833833835,3.195834430423359e-16
0.3985207907907908,2.8963999846343544e-16
0.3995032432432432,2.627199877955624e-16
0.4004856956956957,2.382667456486562e-16
0.40146814814814813,2.1541248784765327e-16
0.4024506006006006,1.9332667812105452e-16
0.40343305305305305,1.7189617771053745e-16
0.4044155055055055,1.5205494899264306e-16
0.40539795795795797,1.3543860338700459e-16
0.4063804104104104,1.232696931156507e-16
0.40736286286286283,1.1558649626599205e-16
0.4083453153153153,1.1083369382265284e-16
0.40932776776776775,1.0560326875144601e-16
0.41031022022022023,9.61198915475881e-17
0.41129267267267267,8.12580376597502e-17
0.4122751251251251,6.41921979256669e-17
0.4132575775775776,5.023934146488294e-17
0.41424003003003,4.2776442818041916e-17
0.4152224824824825,4.2717764875948476e-17
0.41620493493493493,4.9922875131434377e-17
0.41718738738738737,5.968576767405368e-17
0.41816983983983985,5.65570680798154e-17
0.4191522922922923,3.343778982412741e-17
0.4201347447447447,1.1695405952372297e-17
0.4211171971971972,3.031167682258182e-18
0.42209964964964963,8.556507785127771e-19
0.4230821021021021,3.695022704492391e-19
0.42406455455455455,2.76147466082505e-19
0.425047007007007,3.2308724538670975e-19
0.42602945945945947,4.725990566994883e-19
0.4270119119119119,6.785837294806216e-19
0.42799436436436433,8.1860476470183305e-19
0.4289768168168168,8.121728545182117e-19
0.42995926926926925,7.126803148696663e-19
0.43094172172172174,6.143667924314918e-19
0.43192417417417417,5.626943521112217e-19
0.4329066266266266,5.60606219277628e-19
0.4338890790790791,5.968932402226054e-19
0.4348715315315315,6.544738218252314e-19
0.43585398398398395,7.133217372786488e-19
0.43683643643643644,7.560718324763536e-19
0.43781888888888887,7.72373671395264e-19
0.43880134134134136,7.612331798200058e-19
0.4397837937937938,7.29659069227764e-19
0.4407662462462462,6.884589974862022e-19
0.4417486986986987,6.478938769134106e-19
0.44273115115115114,6.150245428549277e-19
0.4437136036036036,5.930361492583334e-19
0.44469605605605605,5.822844045590801e-19
0.4456785085085085,5.815278396556402e-19
0.446660960960961,5.885921932594168e-19
0.4476434134134134,6.007112958656675e-19
0.44862586586586584,6.148295325612839e-19
0.4496083183183183,6.280632943543718e-19
0.45059077077077075,6.383622792202259e-19
0.45157322322322324,6.449421240712234e-19
0.4525556756756757,6.480763964942704e-19
0.4535381281281281,6.4863099044978925e-19
0.4545205805805806,6.475617293021873e-19
0.455503033033033,6.456265910133301e-19
0.45648548548548545,6.433648635429393e-19
0.45746793793793794,6.411289968348658e-19
0.45845039039039037,6.391210998115505e-19
0.45943284284284286,6.374301936507973e-19
0.4604152952952953,6.360687255151172e-19
0.4613977477477477,6.350079984127935e-19
0.4623802002002002,6.34209011171448e-19
0.46336265265265264,6.336354117171025e-19
0.46434510510510507,6.332542758171206e-19
0.46532755755755756,6.330358539912563e-19
0.46631001001001,6.32953347483654e-19
0.4672924624624625,6.329827082231852e-19
0.4682749149149149,6.3310245790360525e-19
0.46925736736736734,6.332935220956007e-19
0.4702398198198198,6.335390759766703e-19
0.47122227227227226,6.3382439884941045e-19
0.4722047247247247,6.34136735126192e-19
0.4731871771771772,6.344651598978839e-19
0.4741696296296296,6.348004475843559e-19
0.4751520820820821,6.351349424912422e-19
0.4761345345345345,6.35462430376604e-19
0.47711698698698696,6.35778010366109e-19
0.47809943943943944,6.360779667521545e-19
0.4790818918918919,6.363596403722108e-19
0.48006434434434436,6.366212993898628e-19
0.4810467967967968,6.368620094016187e-19
0.4820292492492492,6.370815028656171e-19
0.4830117017017017,6.372800478998574e-19
0.48399415415415414,6.374583165297287e-19
0.4849766066066066,6.376172524810848e-19
0.48595905905905906,6.377579387489046e-19
0.4869415115115115,6.378814777514386e-19
0.487923963963964,6.379889370236837e-19
0.4889064164164164,6.380813447360269e-19
0.48988886886886884,6.381596901863386e-19
0.49087132132132133,6.3822492432878665e-19
0.49185377377377376,6.382779603310948e-19
0.4928362262262262,6.383196741580471e-19
0.4938186786786787,6.383509051786732e-19
0.4948011311311311,6.383724567954525e-19
0.4957835835835836,6.383850970932058e-19
0.49676603603603603,6.383895595061091e-19
0.49774848848848846,6.383865435010033e-19
0.49873094094094095,6.383767152753201e-19
0.4997133933933934,6.383607084683132e-19
0.5006958458458458,6.383391248840401e-19
0.5016782982982982,6.383125352249277e-19
0.5026607507507508,6.382814798346281e-19
0.5036432032032032,6.382464694491392e-19
0.5046256556556556,6.38207985955215e-19
0.5056081081081081,6.381664831549367e-19
0.5065905605605605,6.381223875359476e-19
0.507573013013013,6.380760990461465e-19
0.5085554654654655,6.380279918725982e-19
0.5095379179179179,6.37978415223571e-19
0.5105203703703703,6.379276941135352e-19
0.5115028228228228,6.378761301502837e-19
0.5124852752752753,6.378240023239671e-19
0.5134677277277278,6.37771567797445e-19
0.5144501801801802,6.377190626977557e-19
0.5154326326326326,6.376667029082187e-19
0.516415085085085,6.376146848610593e-19
0.5173975375375375,6.375631863303001e-19
0.51837998998999,6.3751236722448955e-19
0.5193624424424425,6.374623703794878e-19
0.5203448948948949,6.374133223508934e-19
0.5213273473473473,6.373653342060048e-19
0.5223097997997997,6.373185023153658e-19
0.5232922522522523,6.372729091437844e-19
0.5242747047047047,6.372286240406957e-19
0.5252571571571572,6.371857040298896e-19
0.5262396096096096,6.371441945986607e-19
0.527222062062062,6.3710413048623685e-19
0.5282045145145146,6.370655364716125e-19
0.529186966966967,6.370284281607315e-19
0.5301694194194194,6.369928127730764e-19
0.5311518718718719,6.3695868992772175e-19
0.5321343243243243,6.369260524287721e-19
0.5331167767767767,6.36894887050395e-19
0.5340992292292293,6.368651753213322e-19
0.5350816816816817,6.368368943090539e-19
0.5360641341341341,6.368100174034588e-19
0.5370465865865865,6.3678451510035e-19
0.538029039039039,6.367603557845245e-19
0.5390114914914915,6.367375065127024e-19
0.539993943943944,6.367159337952644e-19
0.5409763963963964,6.366956042967601e-19
0.5419588488488488,6.366764851433742e-19
0.5429413013013012,6.366585439456533e-19
0.5439237537537538,6.366417487948027e-19
0.5449062062062062,6.366260682589554e-19
0.5458886586586587,6.366114713794335e-19
0.5468711111111111,6.365979276671577e-19
0.5478535635635635,6.365854070989168e-19
0.5488360160160161,6.365738801138412e-19
0.5498184684684685,6.365633176097392e-19
0.5508009209209209,6.365536909395372e-19
0.5517833733733734,6.365449719078204e-19
0.5527658258258258,6.365371327671683e-19
0.5537482782782782,6.365301462148239e-19
0.5547307307307308,6.365239853890458e-19
0.5557131831831832,6.3651862386580965e-19
0.5566956356356356,6.365140356552578e-19
0.557678088088088,6.365101951983401e-19
0.5586605405405405,6.365070773634001e-19
0.559642992992993,6.365046574428108e-19
0.5606254454454455,6.365029111495483e-19
0.5616078978978979,6.365018146139495e-19
0.5625903503503503,6.365013443802503e-19
0.5635728028028028,6.365014774034108e-19
0.5645552552552553,6.365021910456938e-19
0.5655377077077077,6.36503463073445e-19
0.5665201601601602,6.365052716538032e-19
0.5675026126126126,6.365075953514035e-19
0.568485065065065,6.365104131252002e-19
0.5694675175175176,6.365137043251528e-19
0.57044996996997,6.36517448689046e-19
0.5714324224224224,6.365216263392657e-19
0.5724148748748749,6.365262177795877e-19
0.5733973273273273,6.365312038919795e-19
0.5743797797797797,6.365365659334081e-19
0.5753622322322323,6.3654228553272225e-19
0.5763446846846847,6.365483446873747e-19
0.5773271371371371,6.365547257603618e-19
0.5783095895895896,6.365614114770092e-19
0.579292042042042,6.365683849218789e-19
0.5802744944944945,6.365756295355856e-19
0.581256946946947,6.365831291116761e-19
0.5822393993993994,6.365908677935198e-19
0.5832218518518518,6.365988300711696e-19
0.5842043043043043,6.366070007782643e-19
0.5851867567567568,6.366153650889315e-19
0.5861692092092092,6.36623908514627e-19
0.5871516616616617,6.366326169010944e-19
0.5881341141141141,6.366414764252712e-19
0.5891165665665665,6.366504735921674e-19
0.590099019019019,6.36659595231765e-19
0.5910814714714715,6.36668828495998e-19
0.5920639239239239,6.366781608555999e-19
0.5930463763763764,6.36687580097128e-19
0.5940288288288288,6.366970743197178e-19
0.5950112812812812,6.367066319322269e-19
0.5959937337337338,6.36716241649995e-19
0.5969761861861862,6.367258924918773e-19
0.5979586386386386,6.367355737771032e-19
0.5989410910910911,6.36745275122303e-19
0.5999235435435435,6.3675498643836445e-19
0.600905995995996,6.367646979274527e-19
0.6018884484484485,6.36774400079833e-19
0.6028709009009009,6.367840836709665e-19
0.6038533533533533,6.3679373975834e-19
0.6048358058058058,6.368033596784645e-19
0.6058182582582583,6.368129350437905e-19
0.6068007107107107,6.368224577396919e-19
0.6077831631631632,6.368319199213672e-19
0.6087656156156156,6.368413140108394e-19
0.609748068068068,6.368506326938527e-19
0.6107305205205205,6.368598689168789e-19
0.611712972972973,6.368690158839614e-19
0.6126954254254254,6.368780670538048e-19
0.6136778778778779,6.368870161366355e-19
0.6146603303303303,6.368958570911338e-19
0.6156427827827827,6.369045841214452e-19
0.6166252352352353,6.369131916740814e-19
0.6176076876876877,6.3692167443488305e-19
0.6185901401401401,6.36930027325962e-19
0.6195725925925926,6.369382455026579e-19
0.620555045045045,6.369463243504688e-19
0.6215374974974975,6.369542594819912e-19
0.62251994994995,6.369620467338958e-19
0.6235024024024024,6.369696821638509e-19
0.6244848548548548,6.369771620474235e-19
0.6254673073073073,6.369844828751269e-19
0.6264497597597597,6.369916413492412e-19
0.6274322122122122,6.369986343808333e-19
0.6284146646646647,6.370054590866705e-19
0.6293971171171171,6.37012112786144e-19
0.6303795695695695,6.370185929982541e-19
0.631362022022022,6.370248974384791e-19
0.6323444744744745,6.370310240157861e-19
0.6333269269269269,6.370369708294924e-19
0.6343093793793794,6.370427361662525e-19
0.6352918318318318,6.370483184969555e-19
0.6362742842842842,6.370537164737257e-19
0.6372567367367368,6.370589289267289e-19
0.6382391891891892,6.370639548612185e-19
0.6392216416416416,6.370687934544498e-19
0.6402040940940941,6.370734440525048e-19
0.6411865465465465,6.370779061673665e-19
0.642168998998999,6.370821794737371e-19
0.6431514514514515,6.370862638060474e-19
0.6441339039039039,6.370901591552842e-19
0.6451163563563563,6.370938656659772e-19
0.6460988088088088,6.3709738363316e-19
0.6470812612612612,6.371007134991837e-19
0.6480637137137137,6.3710385585074405e-19
0.6490461661661662,6.371068114157456e-19
0.6500286186186186,6.371095810602335e-19
0.651011071071071,6.371121657853192e-19
0.6519935235235235,6.371145667240896e-19
0.652975975975976,6.371167851385424e-19
0.6539584284284284,6.371188224164935e-19
0.6549408808808809,6.371206800684849e-19
0.6559233333333333,6.371223597247283e-19
0.6569057857857857,6.371238631319751e-19
0.6578882382382383,6.371251921504952e-19
0.6588706906906907,6.371263487509511e-19
0.6598531431431431,6.371273350112879e-19
0.6608355955955956,6.371281531137416e-19
0.661818048048048,6.371288053416186e-19
0.6628005005005005,6.371292940763459e-19
0.663782952952953,6.371296217942802e-19
0.6647654054054054,6.371297910636849e-19
0.6657478578578578,6.371298045416118e-19
0.6667303103103103,6.371296649708305e-19
0.6677127627627627,6.371293751767151e-19
0.6686952152152152,6.371289380641678e-19
0.6696776676676677,6.371283566145831e-19
0.6706601201201201,6.371276338826623e-19
0.6716425725725725,6.371267729934091e-19
0.672625025025025,6.371257771390002e-19
0.6736074774774775,6.371246495756821e-19
0.6745899299299299,6.371233936207673e-19
0.6755723823823824,6.371220126494056e-19
0.6765548348348348,6.371205100916429e-19
0.6775372872872872,6.371188894292238e-19
0.6785197397397398,6.371171541925777e-19
0.6795021921921922,6.371153079576843e-19
0.6804846446446446,6.3711335434298635e-19
0.6814670970970971,6.371112970063344e-19
0.6824495495495495,6.371091396418785e-19
0.6834320020020019,6.371068859769819e-19
0.6844144544544545,6.371045397691553e-19
0.6853969069069069,6.3710210480289775e-19
0.6863793593593593,6.370995848867148e-19
0.6873618118118118,6.370969838499648e-19
0.6883442642642642,6.370943055397685e-19
0.6893267167167167,6.370915538179755e-19
0.6903091691691692,6.370887325580016e-19
0.6912916216216216,6.370858456418375e-19
0.692274074074074,6.370828969568814e-19
0.6932565265265265,6.37079890392891e-19
0.694238978978979,6.370768298389055e-19
0.6952214314314314,6.37073719180141e-19
0.6962038838838839,6.370705622949125e-19
0.6971863363363363,6.370673630515724e-19
0.6981687887887887,6.370641253053914e-19
0.6991512412412413,6.370608528955022e-19
0.7001336936936937,6.370575496418131e-19
0.7011161461461461,6.370542193419054e-19
0.7020985985985986,6.370508657679942e-19
0.703081051051051,6.370474926637797e-19
0.7040635035035034,6.370441037414661e-19
0.705045955955956,6.370407026785615e-19
0.7060284084084084,6.370372931149182e-19
0.7070108608608608,6.370338786495228e-19
0.7079933133133133,6.370304628375529e-19
0.7089757657657657,6.370270491871934e-19
0.7099582182182183,6.370236411565905e-19
0.7109406706706707,6.370202421508191e-19
0.7119231231231231,6.370168555187116e-19
0.7129055755755755,6.370134845498588e-19
0.713888028028028,6.370101324715059e-19
0.7148704804804805,6.370068024454543e-19
0.715852932932933,6.370034975650323e-19
0.7168353853853854,6.370002208519397e-19
0.7178178378378378,6.369969752532494e-19
0.7188002902902902,6.369937636383208e-19
0.7197827427427427,6.369905887956559e-19
0.7207651951951952,6.369874534298963e-19
0.7217476476476476,6.3698436015871055e-19
0.7227301001001001,6.369813115097708e-19
0.7237125525525525,6.369783099186618e-19
0.7246950050050049,6.369753577289997e-19
0.7256774574574575,6.36972457193462e-19
0.7266599099099099,6.36969610474704e-19
0.7276423623623623,6.36966819646415e-19
0.7286248148148148,6.36964086694202e-19
0.7296072672672672,6.369614135167199e-19
0.7305897197197198,6.36958801926555e-19
0.7315721721721722,6.369562536512814e-19
0.7325546246246246,6.369537703343969e-19
0.733537077077077,6.369513535363375e-19
0.7345195295295295,6.369490047354753e-19
0.735501981981982,6.369467253290916e-19
0.7364844344344345,6.369445166343689e-19
0.7374668868868869,6.369423798893846e-19
0.7384493393393393,6.369403162541347e-19
0.7394317917917917,6.369383268114165e-19
0.7404142442442442,6.369364125679683e-19
0.7413966966966967,6.369345744552879e-19
0.7423791491491492,6.369328133307985e-19
0.7433616016016016,6.369311299786837e-19
0.744344054054054,6.369295251109731e-19
0.7453265065065064,6.369279993684924e-19
0.746308958958959,6.3692655332184535e-19
0.7472914114114114,6.369251874724198e-19
0.7482738638638639,6.369239022533747e-19
0.7492563163163163,6.369226980306102e-19
0.7502387687687687,6.369215751037847e-19
0.7512212212212213,6.369205337072488e-19
0.7522036736736737,6.369195740110931e-19
0.7531861261261261,6.369186961221078e-19
0.7541685785785786,6.369179000847526e-19
0.755151031031031,6.369171858821674e-19
0.7561334834834835,6.369165534371634e-19
0.757115935935936,6.36916002613176e-19
0.7580983883883884,6.369155332153079e-19
0.7590808408408408,6.369151449912452e-19
0.7600632932932933,6.369148376322892e-19
0.7610457457457457,6.369146107743413e-19
0.7620281981981982,6.369144639988715e-19
0.7630106506506507,6.369143968339025e-19
0.7639931031031031,6.369144087550305e-19
0.7649755555555555,6.369144991863471e-19
0.765958008008008,6.369146675014959e-19
0.7669404604604605,6.369149130246149e-19
0.7679229129129129,6.369152350313097e-19
0.7689053653653654,6.369156327496846e-19
0.7698878178178178,6.3691610536129985e-19
0.7708702702702702,6.369166520021555e-19
0.7718527227227228,6.369172717636695e-19
0.7728351751751752,6.369179636936926e-19
0.7738176276276276,6.369187267974714e-19
0.7748000800800801,6.369195600385996e-19
0.7757825325325325,6.369204623400955e-19
0.7767649849849849,6.369214325852923e-19
0.7777474374374375,6.3692246961888225e-19
0.7787298898898899,6.369235722478546e-19
0.7797123423423423,6.3692473924253e-19
0.7806947947947948,6.369259693374972e-19
0.7816772472472472,6.369272612326372e-19
0.7826596996996997,6.36928613594097e-19
0.7836421521521522,6.36930025055246e-19
0.7846246046046046,6.369314942176854e-19
0.785607057057057,6.369330196522571e-19
0.7865895095095095,6.369345998999649e-19
0.787571961961962,6.369362334730299e-19
0.7885544144144144,6.369379188558116e-19
0.7895368668668669,6.369396545058275e-19
0.7905193193193193,6.369414388547464e-19
0.7915017717717717,6.369432703093508e-19
0.7924842242242243,6.369451472525103e-19
0.7934666766766767,6.369470680442058e-19
0.7944491291291291,6.369490310224925e-19
0.7954315815815816,6.369510345044672e-19
0.796414034034034,6.369530767872986e-19
0.7973964864864864,6.369551561491436e-19
0.798378938938939,6.369572708502185e-19
0.7993613913913914,6.369594191337103e-19
0.8003438438438438,6.3696159922679595e-19
0.8013262962962963,6.369638093416217e-19
0.8023087487487487,6.369660476762807e-19
0.8032912012012012,6.369683124158237e-19
0.8042736536536537,6.369706017331951e-19
0.8052561061061061,6.369729137902797e-19
0.8062385585585585,6.369752467388297e-19
0.807221011011011,6.369775987215158e-19
0.8082034634634635,6.369799678728232e-19
0.8091859159159159,6.369823523201087e-19
0.8101683683683684,6.369847501846051e-19
0.8111508208208208,6.369871595822762e-19
0.8121332732732732,6.369895786250089e-19
0.8131157257257257,6.36992005421395e-19
0.8140981781781782,6.369944380778403e-19
0.8150806306306306,6.369968746994972e-19
0.8160630830830831,6.369993133913019e-19
0.8170455355355355,6.370017522589013e-19
0.8180279879879879,6.370041894096906e-19
0.8190104404404405,6.370066229537349e-19
0.8199928928928929,6.370090510048382e-19
0.8209753453453453,6.370114716814659e-19
0.8219577977977978,6.370138831077608e-19
0.8229402502502502,6.37016283414498e-19
0.8239227027027027,6.370186707401523e-19
0.8249051551551552,6.370210432317648e-19
0.8258876076076076,6.370233990460216e-19
0.82687006006006,6.370257363502347e-19
0.8278525125125125,6.37028053323259e-19
0.828834964964965,6.37030348156557e-19
0.8298174174174174,6.370326190551581e-19
0.8307998698698699,6.370348642386233e-19
0.8317823223223223,6.370370819420681e-19
0.8327647747747747,6.370392704171433e-19
0.8337472272272272,6.370414279329835e-19
0.8347296796796797,6.370435527772464e-19
0.8357121321321321,6.370456432570829e-19
0.8366945845845846,6.370476977001021e-19
0.837677037037037,6.370497144553944e-19
0.8386594894894894,6.370516918944811e-19
0.839641941941942,6.370536284123369e-19
0.8406243943943944,6.370555224283718e-19
0.8416068468468468,6.370573723873904e-19
0.8425892992992993,6.37059176760605e-19
0.8435717517517517,6.370609340466219e-19
0.8445542042042042,6.37062642772433e-19
0.8455366566566567,6.370643014943709e-19
0.8465191091091091,6.37065908799153e-19
0.8475015615615615,6.370674633048153e-19
0.848484014014014,6.37068963661731e-19
0.8494664664664664,6.3707040855360155e-19
0.8504489189189189,6.370717966983911e-19
0.8514313713713714,6.370731268494176e-19
0.8524138238238238,6.3707439779624e-19
0.8533962762762762,6.370756083656812e-19
0.8543787287287287,6.370767574228509e-19
0.8553611811811812,6.370778438720751e-19
0.8563436336336336,6.370788666579343e-19
0.8573260860860861,6.370798247662027e-19
0.8583085385385385,6.3708071722489805e-19
0.8592909909909909,6.370815431051729e-19
0.8602734434434435,6.370823015224321e-19
0.8612558958958959,6.370829916372145e-19
0.8622383483483483,6.370836126562099e-19
0.8632208008008008,6.370841638332775e-19
0.8642032532532532,6.370846444703888e-19
0.8651857057057057,6.37085053918636e-19
0.8661681581581582,6.370853915792477e-19
0.8671506106106106,6.370856569044978e-19
0.868133063063063,6.370858493987893e-19
0.8691155155155155,6.370859686195521e-19
0.8700979679679679,6.370860141783165e-19
0.8710804204204204,6.3708598574162125e-19
0.8720628728728729,6.370858830320401e-19
0.8730453253253253,6.370857058291622e-19
0.8740277777777777,6.370854539705979e-19
0.8750102302302302,6.370851273529329e-19
0.8759926826826827,6.37084725932713e-19
0.8769751351351351,6.370842497274656e-19
0.8779575875875876,6.370836988166582e-19
0.87894004004004,6.370830733427095e-19
0.8799224924924924,6.37082373511927e-19
0.880904944944945,6.370815995955429e-19
0.8818873973973974,6.370807519306891e-19
0.8828698498498498,6.370798309213442e-19
0.8838523023023023,6.370788370393693e-19
0.8848347547547547,6.370777708254776e-19
0.8858172072072072,6.370766328902064e-19
0.8867996596596597,6.370754239149176e-19
0.8877821121121121,6.370741446527596e-19
0.8887645645645645,6.370727959296825e-19
0.889747017017017,6.370713786454058e-19
0.8907294694694694,6.370698937744167e-19
0.891711921921922,6.370683423669175e-19
0.8926943743743744,6.3706672554985e-19
0.8936768268268268,6.370650445278832e-19
0.8946592792792792,6.370633005843548e-19
0.8956417317317317,6.370614950822901e-19
0.8966241841841842,6.370596294653587e-19
0.8976066366366366,6.370577052589402e-19
0.8985890890890891,6.3705572407095e-19
0.8995715415415415,6.370536875929833e-19
0.9005539939939939,6.370515976012087e-19
0.9015364464464465,6.370494559573815e-19
0.9025188988988989,6.370472646098152e-19
0.9035013513513513,6.370450255943635e-19
0.9044838038038038,6.370427410354335e-19
0.9054662562562562,6.37040413146915e-19
0.9064487087087086,6.370380442332309e-19
0.9074311611611612,6.370356366902449e-19
0.9084136136136136,6.370331930062911e-19
0.909396066066066,6.370307157631759e-19
0.9103785185185185,6.370282076371181e-19
0.9113609709709709,6.370256713997311e-19
0.9123434234234234,6.37023109919056e-19
0.9133258758758759,6.370205261604815e-19
0.9143083283283283,6.37017923187788e-19
0.9152907807807807,6.370153041640618e-19
0.9162732332332332,6.37012672352755e-19
0.9172556856856857,6.37010031118595e-19
0.9182381381381381,6.3700738392865e-19
0.9192205905905906,6.370047343532171e-19
0.920203043043043,6.37002086066889e-19
0.9211854954954954,6.369994428494838e-19
0.922167947947948,6.369968085870905e-19
0.9231504004004004,6.369941872729486e-19
0.9241328528528528,6.369915830085449e-19
0.9251153053053053,6.369890000045458e-19
0.9260977577577577,6.369864425817708e-19
0.9270802102102101,6.369839151722178e-19
0.9280626626626627,6.369814223199907e-19
0.9290451151151151,6.369789686823678e-19
0.9300275675675675,6.369765590306981e-19
0.93101002002002,6.369741982514606e-19
0.9319924724724724,6.369718913472084e-19
0.932974924924925,6.369696434375917e-19
0.9339573773773774,6.369674597602936e-19
0.9349398298298298,6.369653456720796e-19
0.9359222822822822,6.369633066497609e-19
0.9369047347347347,6.369613482911564e-19
0.9378871871871872,6.369594763161457e-19
0.9388696396396397,6.369576965675966e-19
0.9398520920920921,6.369560150124033e-19
0.9408345445445445,6.369544377424678e-19
0.941816996996997,6.36952970975688e-19
0.9427994494494494,6.369516210569404e-19
0.9437819019019019,6.369503944591012e-19
0.9447643543543544,6.369492977840316e-19
0.9457468068068068,6.369483377635894e-19
0.9467292592592592,6.369475212605967e-19
0.9477117117117116,6.369468552698739e-19
0.9486941641641642,6.369463469192099e-19
0.9496766166166166,6.369460034704038e-19
0.950659069069069,6.369458323202269e-19
0.9516415215215215,6.369458410014522e-19
0.9526239739739739,6.369460371838756e-19
0.9536064264264265,6.36946428675271e-19
0.9545888788788789,6.369470234224606e-19
0.9555713313313313,6.369478295123049e-19
0.9565537837837838,6.3694885517268775e-19
0.9575362362362362,6.369501087735463e-19
0.9585186886886887,6.369515988279582e-19
0.9595011411411412,6.369533339930245e-19
0.9604835935935936,6.369553230709977e-19
0.961466046046046,6.369575750102819e-19
0.9624484984984985,6.3696009890643085e-19
0.9634309509509509,6.369629040031782e-19
0.9644134034034034,6.369659996934967e-19
0.9653958558558559,6.369693955206184e-19
0.9663783083083083,6.369731011790356e-19
0.9673607607607607,6.369771265155888e-19
0.9683432132132131,6.369814815304621e-19
0.9693256656656657,6.3698617637826115e-19
0.9703081181181181,6.369912213690407e-19
0.9712905705705706,6.369966269693246e-19
0.972273023023023,6.370024038032391e-19
0.9732554754754754,6.370085626534554e-19
0.974237927927928,6.370151144623347e-19
0.9752203803803804,6.370220703329502e-19
0.9762028328328328,6.370294415301709e-19
0.9771852852852853,6.370372394816909e-19
0.9781677377377377,6.370454757791517e-19
0.9791501901901902,6.370541621791737e-19
0.9801326426426427,6.3706331060447015e-19
0.9811150950950951,6.370729331448979e-19
0.9820975475475475,6.370830420585633e-19
0.98308,6.370936497729331e-19
