r,nu N13
0.00161,2.0992273007848873e-05
0.0025924524524524525,4.8453577405461035e-05
0.0035749049049049048,8.820394730614772e-05
0.004557357357357358,0.000139505130032167
0.00553980980980981,0.00020218201418311637
0.006522262262262262,0.0002758197496910789
0.007504714714714715,0.0003596043412821174
0.008487167167167168,0.00045294996947355565
0.00946961961961962,0.0005555575599737516
0.010452072072072072,0.0006672104197571115
0.011434524524524524,0.0007875539035750948
0.012416976976976976,0.0009159911604832497
0.01339942942942943,0.0010517821306086491
0.014381881881881883,0.0011941775940354804
0.015364334334334335,0.0013424275942332906
0.016346786786786787,0.001495760086511701
0.01732923923923924,0.0016533601665565344
0.01831169169169169,0.001814357243074733
0.019294144144144144,0.00197782666756139
0.020276596596596596,0.002142811335940456
0.021259049049049048,0.0023083649056893775
0.0222415015015015,0.002473591236142645
0.023223953953953953,0.002637656155080771
0.024206406406406405,0.002799789876723157
0.02518885885885886,0.002959286560699658
0.026171311311311313,0.003115501699390487
0.027153763763763765,0.0032678479417133353
0.028136216216216217,0.0034157899250914082
0.02911866866866867,0.00355883863159798
0.03010112112112112,0.0036965457170526975
0.031083573573573574,0.003828498189330372
0.032066026026026026,0.003954313738844771
0.03304847847847848,0.004073636953121842
0.03403093093093093,0.004186136580404393
0.03501338338338338,0.004291503945249351
0.035995835835835835,0.00438945256238919
0.03697828828828829,0.004479718943669881
0.03796074074074074,0.004562064546446471
0.03894319319319319,0.004636278770239148
0.039925645645645644,0.004702182871693816
0.040908098098098096,0.004759634636129492
0.04189055055055055,0.004808533613536889
0.042873003003003,0.0048488261259115135
0.04385545545545545,0.004880506871894682
0.044837907907907905,0.004903617292437714
0.04582036036036036,0.0049182432577794845
0.04680281281281281,0.004924512467116383
0.04778526526526526,0.004922591611658522
0.04876771771771772,0.0049126833501307214
0.04975017017017017,0.0048950231442205176
0.050732622622622625,0.004869875999312952
0.05171507507507508,0.004837533153188207
0.05269752752752753,0.0047983087522951605
0.05367997997997998,0.0047525365518527275
0.054662432432432434,0.004700566672460126
0.055644884884884886,0.004642762442206824
0.05662733733733734,0.004579497349536476
0.05760978978978979,0.004511152128407008
0.05859224224224224,0.004438111993659983
0.059574694694694695,0.004360764041016841
0.06055714714714715,0.004279494822797618
0.0615395995995996,0.004194688107344785
0.06252205205205205,0.0041067228272516545
0.0635045045045045,0.0040159712188625575
0.06448695695695696,0.003922797153138034
0.06546940940940942,0.0038275546558693275
0.06645186186186186,0.003730586613380415
0.06743431431431432,0.00363222365826846
0.06841676676676677,0.003532783228395793
0.06939921921921922,0.0034325687912462504
0.07038167167167167,0.0033318692248820664
0.07136412412412413,0.0032309583460692283
0.07234657657657657,0.003130094575660515
0.07332902902902903,0.003029520731020787
0.07431148148148148,0.0029294639351287273
0.07529393393393394,0.0028301356319759825
0.07627638638638638,0.0027317316979910623
0.07725883883883884,0.0026344326394240913
0.07824129129129129,0.0025384038659237384
0.07922374374374375,0.0024437960309044555
0.08020619619619619,0.0023507454297259
0.08118864864864865,0.002259374447175166
0.0821711011011011,0.0021697920462435375
0.08315355355355356,0.002082094290713191
0.084136006006006,0.0019963648946057983
0.08511845845845846,0.0019126757920866694
0.0861009109109109,0.001831087721957176
0.08708336336336336,0.001751650821399465
0.08806581581581581,0.0016744052241553604
0.08904826826826827,0.0015993816588217831
0.09003072072072071,0.0015266020434250072
0.09101317317317317,0.0014560800728925908
0.09199562562562562,0.0013878217964732433
0.09297807807807808,0.00132182618255998
0.09396053053053052,0.0012580856687496298
0.09494298298298298,0.0011965866953284824
0.09592543543543544,0.0011373102282217639
0.09690788788788789,0.0010802323382950356
0.09789034034034035,0.001025324837883819
0.09887279279279279,0.0009725558627972079
0.09985524524524525,0.000921890380567391
0.1008376976976977,0.0008732906326908833
0.10182015015015015,0.0008267165185811508
0.1028026026026026,0.0007821259285517627
0.10378505505505506,0.000739475032698171
0.1047675075075075,0.0006987185320588553
0.10574995995995996,0.0006598098779231779
0.10673241241241241,0.0006227014611330033
0.10771486486486487,0.0005873446531004322
0.10869731731731731,0.0005536894864909456
0.10967976976976977,0.0005216843122301354
0.11066222222222222,0.0004912756411923588
0.11164467467467468,0.0004624081468508503
0.11262712712712712,0.00043502479529155017
0.11360957957957958,0.0004090670726212844
0.11459203203203203,0.0003844752834913358
0.11557448448448449,0.00036118889813043767
0.11655693693693693,0.00033914692885569876
0.11753938938938939,0.00031828832043077036
0.11852184184184184,0.0002985523418018037
0.1195042942942943,0.0002798790368848442
0.12048674674674674,0.000262211821844196
0.1214691991991992,0.00024550539149138117
0.12245165165165164,0.00022973322602997648
0.1234341041041041,0.0002148916806194539
0.12441655655655655,0.00020100129201372887
0.125399009009009,0.00018810615626676372
0.12638146146146145,0.00017627237720832162
0.1273639139139139,0.00016559528834390546
0.12834636636636637,0.0001562581489878967
0.12932881881881883,0.0001486232503848065
0.13031127127127126,0.00014330524787321304
0.13129372372372372,0.00014113270698849813
0.13227617617617618,0.00014303100392115917
0.13325862862862864,0.00014998859697842214
0.13424108108108107,0.00016314513492371292
0.13522353353353353,0.0001839135834327658
0.136205985985986,0.00021397278442619085
0.13718843843843845,0.0002551282932472474
0.13817089089089088,0.0003091211158904219
0.13915334334334334,0.0003774189684967999
0.1401357957957958,0.00046112161258801655
0.14111824824824826,0.0005608594202462807
0.1421007007007007,0.0006766608065400625
0.14308315315315315,0.0008079106040671985
0.1440656056056056,0.0009534027215061058
0.14504805805805807,0.0011114450656774832
0.1460305105105105,0.0012799460996357746
0.14701296296296296,0.00145641372325025
0.14799541541541542,0.001637946315904503
0.14897786786786787,0.0018213371597943305
0.1499603203203203,0.002003222519262446
0.15094277277277277,0.0021802382369369307
0.15192522522522522,0.0023491714520102736
0.15290767767767768,0.0025070954794603737
0.15389013013013011,0.0026514783604045964
0.15487258258258257,0.002780258893188291
0.15585503503503503,0.002891887559822216
0.1568374874874875,0.0029853331810930995
0.15781993993993992,0.0030600589799767114
0.15880239239239238,0.0031159737698762714
0.15978484484484484,0.0031533660671079077
0.1607672972972973,0.003172837440424922
0.16174974974974976,0.0031752455587887667
0.1627322022022022,0.003161650359989343
0.16371465465465465,0.0031332628938369658
0.1646971071071071,0.0030913983489422275
0.16567955955955957,0.003037434236674129
0.166662012012012,0.002972774227025049
0.16764446446446446,0.002898817747617851
0.16862691691691692,0.0028169351675909715
0.16960936936936938,0.0027284481846884365
0.1705918218218218,0.0026346149048852544
0.17157427427427427,0.002536619035985632
0.17255672672672673,0.002435562596457524
0.1735391791791792,0.0023324615558646864
0.17452163163163162,0.00222824384129417
0.17550408408408408,0.0021237486018605483
0.17648653653653654,0.002019725382443462
0.177468988988989,0.001916834391967799
0.17845144144144143,0.0018156484596992476
0.1794338938938939,0.0017166563839400894
0.18041634634634635,0.0016202673565661743
0.1813987987987988,0.001526816175553747
0.18238125125125124,0.0014365689900426813
0.1833637037037037,0.0013497293565300245
0.18434615615615615,0.0012664444188534162
0.1853286086086086,0.001186811057461284
0.18631106106106105,0.0011108818841753312
0.1872935135135135,0.0010386709866307315
0.18827596596596596,0.0009701593514828963
0.18925841841841842,0.0009052999171511764
0.19024087087087088,0.0008440222253431832
0.1912233233233233,0.0007862366559975989
0.19220577577577577,0.0007318382428107804
0.19318822822822823,0.0006807100764363586
0.1941706806806807,0.0006327263100592439
0.19515313313313312,0.000587754787647129
0.19613558558558558,0.0005456593190696781
0.19711803803803804,0.000506301628729655
0.1981004904904905,0.00046954300563091777
0.19908294294294293,0.0004352456831497416
0.2000653953953954,0.0004032739763848975
0.20104784784784785,0.00037349520401754613
0.2020303003003003,0.00034578042026618867
0.20301275275275274,0.0003200049809021302
0.2039952052052052,0.00029604896550086045
0.20497765765765766,0.00027379747622859513
0.20596011011011012,0.0002531408315663225
0.20694256256256255,0.00023397467150673788
0.207925015015015,0.00021619998895949945
0.20890746746746747,0.00019972310039395268
0.20988991991991993,0.00018445556715322408
0.21087237237237236,0.0001703140774000834
0.21185482482482482,0.00015722029730775336
0.21283727727727728,0.0001451006988886467
0.21381972972972974,0.0001338863707578992
0.21480218218218217,0.00012351281715155372
0.21578463463463463,0.00011391974965453454
0.21676708708708708,0.00010505087533345136
0.21774953953953954,9.685368430541095e-05
0.21873199199199198,8.927923919163893e-05
0.21971444444444443,8.228196759756454e-05
0.2206968968968969,7.58194558618308e-05
0.22167934934934935,6.985224820119619e-05
0.2226618018018018,6.434365633366669e-05
0.22364425425425424,5.925957976992267e-05
0.2246267067067067,5.456833633647529e-05
0.22560915915915916,5.024050249333994e-05
0.22659161161161162,4.6248763012058065e-05
0.22757406406406405,4.2567769585042456e-05
0.2285565165165165,3.9174007944151625e-05
0.22953896896896897,3.604567307484187e-05
0.23052142142142143,3.31625521219574e-05
0.23150387387387386,3.0505914593987828e-05
0.23248632632632632,2.8058409484221587e-05
0.23346877877877878,2.5803968939505006e-05
0.23445123123123124,2.3727718120082532e-05
0.23543368368368367,2.1815890907143198e-05
0.23641613613613613,2.005575112805913e-05
0.2373985885885886,1.843551898280099e-05
0.23838104104104105,1.6944302368531572e-05
0.23936349349349348,1.5572032812834778e-05
0.24034594594594594,1.430940573936293e-05
0.2413283983983984,1.3147824802811378e-05
0.24231085085085086,1.2079350043009304e-05
0.2432933033033033,1.1096649620499351e-05
0.24427575575575575,1.0192954908235678e-05
0.2452582082082082,9.362018725925878e-06
0.24624066066066067,8.598076515056984e-06
0.2472231131131131,7.895810263759728e-06
0.24820556556556556,7.250315001368997e-06
0.24918801801801801,6.657067692819158e-06
0.2501704704704705,6.111898372870149e-06
0.2511529229229229,5.610963369591182e-06
0.2521353753753754,5.150720475534809e-06
0.2531178278278278,4.727905933620436e-06
0.25410028028028026,4.339513112917515e-06
0.25508273273273274,3.982772757285649e-06
0.2560651851851852,3.655134697196445e-06
0.25704763763763766,3.3542509220469327e-06
0.2580300900900901,3.0779599168815854e-06
0.2590125425425425,2.824272173688027e-06
0.259994994994995,2.5913567933283313e-06
0.26097744744744744,2.3775290997303684e-06
0.2619598998998999,2.1812391932021916e-06
0.26294235235235236,2.0010613746641705e-06
0.2639248048048048,1.8356843772288774e-06
0.2649072572572573,1.6839023459130543e-06
0.2658897097097097,1.5446065103528224e-06
0.26687216216216214,1.4167774992244916e-06
0.26785461461461463,1.299478248663616e-06
0.26883706706706706,1.1918474603353691e-06
0.2698195195195195,1.093093567953055e-06
0.270801971971972,1.0024891739805566e-06
0.2717844244244244,9.193659209992844e-07
0.2727668768768769,8.431097647829286e-07
0.2737493293293293,7.731566185138699e-07
0.27473178178178176,7.089883398037607e-07
0.27571423423423425,6.501290342576579e-07
0.2766966866866867,5.961416512546184e-07
0.2776791391391391,5.466248494176503e-07
0.2786615915915916,5.012101109200106e-07
0.279644044044044,4.595590853312839e-07
0.2806264964964965,4.2136114515297847e-07
0.28160894894894895,3.863311365368494e-07
0.2825914014014014,3.5420730992608973e-07
0.28357385385385386,3.2474941651692535e-07
0.2845563063063063,2.977369575114147e-07
0.2855387587587588,2.729675741274165e-07
0.2865212112112112,2.5025556725405915e-07
0.28750366366366364,2.2943053649529706e-07
0.28848611611611613,2.1033612913542437e-07
0.28946856856856856,1.9282889029277658e-07
0.290451021021021,1.7677720620557537e-07
0.2914334734734735,1.6206033322083697e-07
0.2924159259259259,1.4856750563695458e-07
0.2933983783783784,1.3619711608650224e-07
0.29438083083083083,1.2485596264111067e-07
0.29536328328328326,1.1445855727773743e-07
0.29634573573573575,1.049264907683242e-07
0.2973281881881882,9.618784944494205e-08
0.2983106406406406,8.81766796527221e-08
0.2992930930930931,8.08324960351985e-08
0.30027554554554553,7.409983010334554e-08
0.301257997997998,6.792781582234987e-08
0.30224045045045045,6.22698092109851e-08
0.3032229029029029,5.708303918883799e-08
0.30420535535535537,5.23282871282345e-08
0.3051878078078078,4.796959277189122e-08
0.30617026026026023,4.3973984365426897e-08
0.3071527127127127,4.0311231027147254e-08
0.30813516516516515,3.6953615537067296e-08
0.30911761761761763,3.387572587405256e-08
0.31010007007007007,3.105426396520574e-08
0.3110825225225225,2.8467870236095573e-08
0.312064974974975,2.6096962664968976e-08
0.3130474274274274,2.392358914947814e-08
0.31402987987987985,2.1931292091397744e-08
0.31501233233233233,2.0104984193979576e-08
0.31599478478478477,1.8430834548595266e-08
0.31697723723723725,1.6896164162711115e-08
0.3179596896896897,1.5489350150569122e-08
0.3189421421421421,1.4199737871657636e-08
0.3199245945945946,1.3017560360626699e-08
0.32090704704704703,1.1933864446123456e-08
0.3218894994994995,1.0940443005473449e-08
0.32287195195195195,1.002977284757457e-08
0.3238544044044044,9.194957758106332e-09
0.32483685685685687,8.42967627949955e-09
0.3258193093093093,7.728133833324317e-09
0.32680176176176173,7.0850188250908625e-09
0.3277842142142142,6.495462401154796e-09
0.32876666666666665,5.955001554681318e-09
0.32974911911911914,5.459545302653665e-09
0.33073157157157157,5.005343678891243e-09
0.331714024024024,4.5889593091338764e-09
0.3326964764764765,4.207241353608646e-09
0.3336789289289289,3.857301620263379e-09
0.33466138138138135,3.5364926681551727e-09
0.33564383383383384,3.2423877354461655e-09
0.33662628628628627,2.9727623401852496e-09
0.33760873873873876,2.72557741465236e-09
0.3385911911911912,2.4989638455968822e-09
0.3395736436436436,2.2912083033039247e-09
0.3405560960960961,2.1007402521466197e-09
0.34153854854854854,1.926120044203494e-09
0.34252100100100097,1.766028005701761e-09
0.34350345345345346,1.6192544335310914e-09
0.3444859059059059,1.4846904257803821e-09
0.3454683583583584,1.361319476785957e-09
0.3464508108108108,1.248209773303182e-09
0.34743326326326324,1.144507133378699e-09
0.3484157157157157,1.0494285342830494e-09
0.34939816816816816,9.62256180339933e-10
0.35038062062062064,8.823320655926096e-10
0.3513630730730731,8.090529900098978e-10
0.3523455255255255,7.418659913817234e-10
0.353327977977978,6.802641582140755e-10
0.3543104304304304,6.237827918291784e-10
0.35529288288288285,5.719958885309398e-10
0.35627533533533534,5.245129151283594e-10
0.3572577877877878,4.80975853339046e-10
0.35824024024024026,4.410564906383487e-10
0.3592226926926927,4.0445393699235036e-10
0.3602051451451451,3.7089234862928973e-10
0.3611875975975976,3.401188415771036e-10
0.36217005005005004,3.119015791364119e-10
0.36315250250250247,2.8602801877961946e-10
0.36413495495495496,2.6230330517782145e-10
0.3651174074074074,2.405487971670725e-10
0.3660998598598599,2.206007174827985e-10
0.3670823123123123,2.0230891502339008e-10
0.36806476476476474,1.8553573025852973e-10
0.3690472172172172,1.701549551808281e-10
0.37002966966966966,1.5605087991715415e-10
0.3710121221221221,1.431174187737831e-10
0.3719945745745746,1.3125730909244683e-10
0.372977027027027,1.203813768468682e-10
0.3739594794794795,1.1040786341585035e-10
0.3749419319319319,1.0126180843311954e-10
0.37592438438438436,9.287448403956306e-11
0.37690683683683684,8.518287625338298e-11
0.3778892892892893,7.812920953107682e-11
0.37887174174174176,7.166051091968457e-11
0.3798541941941942,6.572821050094468e-11
0.3808366466466466,6.028777510313672e-11
0.3818190990990991,5.52983725086239e-11
0.38280155155155154,5.072256361618642e-11
0.383784004004004,4.652602022915192e-11
0.38476645645645646,4.267726633448064e-11
0.3857489089089089,3.9147440915949523e-11
0.3867313613613614,3.591008050771113e-11
0.3877138138138138,3.294091984403308e-11
0.38869626626626624,3.021770909805638e-11
0.38967871871871873,2.772004632805046e-11
0.39066117117117116,2.5429223864766533e-11
0.3916436236236236,2.3328087479034086e-11
0.3926260760760761,2.1400907265485587e-11
0.3936085285285285,1.963325926695538e-11
0.394590980980981,1.801191694537891e-11
0.39557343343343343,1.6524751679513988e-11
0.39655588588588586,1.516064153809342e-11
0.39753833833833835,1.390938763961254e-11
0.3985207907907908,1.2761637467204334e-11
0.3995032432432432,1.1708814552643545e-11
0.4004856956956957,1.074305398149834e-11
0.40146814814814813,9.857143257638644e-12
0.4024506006006006,9.044468099866919e-12
0.40343305305305305,8.298962757507912e-12
0.4044155055055055,7.615064465274658e-12
0.40539795795795797,6.9876716901079385e-12
0.4063804104104104,6.412105852232598e-12
0.40736286286286283,5.884076229648913e-12
0.4083453153153153,5.399647779910591e-12
0.40932776776776775,4.955211635543787e-12
0.41031022022022023,4.547458050021916e-12
0.41129267267267267,4.17335159000357e-12
0.4122751251251251,3.830108386723711e-12
0.4132575775775776,3.5151752751380023e-12
0.41424003003003,3.226210663792455e-12
0.4152224824824825,2.9610669915386717e-12
0.41620493493493493,2.717774639248135e-12
0.41718738738738737,2.4945271756893495e-12
0.41816983983983985,2.289667826817224e-12
0.4191522922922923,2.101677066952364e-12
0.4201347447447447,1.9291612387843378e-12
0.4211171971971972,1.7708421168758969e-12
0.42209964964964963,1.625547336439231e-12
0.4230821021021021,1.4922016156548264e-12
0.42406455455455455,1.3698187057601515e-12
0.425047007007007,1.2574940085929477e-12
0.42602945945945947,1.154397806277595e-12
0.4270119119119119,1.0597690523287708e-12
0.42799436436436433,9.729096776511166e-13
0.4289768168168168,8.931793687681732e-13
0.42995926926926925,8.199907791483705e-13
0.43094172172172174,7.528051377364558e-13
0.43192417417417417,6.911282217713895e-13
0.4329066266266266,6.345066636966875e-13
0.4338890790790791,5.825245644695503e-13
0.4348715315315315,5.348003878688403e-13
0.43585398398398395,4.909841136574354e-13
0.43683643643643644,4.5075463725448354e-13
0.43781888888888887,4.1381739349669685e-13
0.43880134134134136,3.7990217103672845e-13
0.4397837937937938,3.487611005211505e-13
0.4407662462462462,3.2016680414618643e-13
0.4417486986986987,2.939106948414599e-13
0.44273115115115114,2.698014139657912e-13
0.4437136036036036,2.4766339703963557e-13
0.44469605605605605,2.2733555767586319e-13
0.4456785085085085,2.0867008049697138e-13
0.446660960960961,1.915313144366087e-13
0.4476434134134134,1.757947584118846e-13
0.44862586586586584,1.6134613191752062e-13
0.4496083183183183,1.480805236311818e-13
0.45059077077077075,1.359016116297739e-13
0.45157322322322324,1.2472094929887264e-13
0.4525556756756757,1.1445731147121114e-13
0.4535381281281281,1.0503609575572163e-13
0.4545205805805806,9.63887744166661e-14
0.455503033033033,8.845239253352992e-14
0.45648548548548545,8.116910851775111e-14
0.45746793793793794,7.448577338310462e-14
0.45845039039039037,6.835354546376546e-14
0.45943284284284286,6.272753754915975e-14
0.4604152952952953,5.75664936587649e-14
0.4613977477477477,5.2832492858840826e-14
0.4623802002002002,4.849067387158362e-14
0.46336265265265264,4.450896736686581e-14
0.46434510510510507,4.085784793194768e-14
0.46532755755755756,3.7510116269608765e-14
0.46631001001001,3.444070750975014e-14
0.4672924624624625,3.1626521104695166e-14
0.4682749149149149,2.9046268639276384e-14
0.46925736736736734,2.668033660000304e-14
0.4702398198198198,2.4510661734659448e-14
0.47122227227227226,2.2520617113741803e-14
0.4722047247247247,2.0694907394660486e-14
0.4731871771771772,1.901947210288441e-14
0.4741696296296296,1.74813959935421e-14
0.4751520820820821,1.6068825753091303e-14
0.4761345345345345,1.477089245280839e-14
0.47711698698698696,1.3577639281892744e-14
0.47809943943943944,1.2479954174768154e-14
0.4790818918918919,1.1469507010353684e-14
0.48006434434434436,1.0538691105514102e-14
0.4810467967967968,9.680568754547822e-15
0.4820292492492492,8.888820584726506e-15
0.4830117017017017,8.157698507236978e-15
0.48399415415415414,7.481982045594994e-15
0.4849766066066066,6.856937821478363e-15
0.48595905905905906,6.278283036805809e-15
0.4869415115115115,5.742247647517762e-15
0.487923963963964,5.246039529232311e-15
0.4889064164164164,4.788349842187558e-15
0.48988886886886884,4.369525561003504e-15
0.49087132132132133,3.991490901365277e-15
0.49185377377377376,3.6575586132193434e-15
0.4928362262262262,3.3722032134512575e-15
0.4938186786786787,3.1399158905912216e-15
0.4948011311311311,2.9630512891205842e-15
0.4957835835835836,2.8404136993183497e-15
0.49676603603603603,2.767109055414777e-15
0.49774848848848846,2.735914732160029e-15
0.49873094094094095,2.7383558647785574e-15
0.4997133933933934,2.765181996156975e-15
0.5006958458458458,2.8067354146397016e-15
0.5016782982982982,2.853569491898701e-15
0.5026607507507508,2.8974955735592156e-15
0.5036432032032032,2.9327484376568106e-15
0.5046256556556556,2.956290622448788e-15
0.5056081081081081,2.9674861523939644e-15
0.5065905605605605,2.9675892383317244e-15
0.507573013013013,2.9591077336672788e-15
0.5085554654654655,2.945106980632259e-15
0.5095379179179179,2.9285267549964076e-15
0.5105203703703703,2.911710381102912e-15
0.5115028228228228,2.896346194297765e-15
0.5124852752752753,2.88355149457324e-15
0.5134677277277278,2.873961861041623e-15
0.5144501801801802,2.867815640422798e-15
0.5154326326326326,2.865031385531651e-15
0.516415085085085,2.8652786141691722e-15
0.5173975375375375,2.8680436762038215e-15
0.51837998998999,2.87269305685986e-15
0.5193624424424425,2.8785363534633146e-15
0.5203448948948949,2.8848906419205617e-15
0.5213273473473473,2.8911471750652114e-15
0.5223097997997997,2.896838490959248e-15
0.5232922522522523,2.9016759986874733e-15
0.5242747047047047,2.9055315445328214e-15
0.5252571571571572,2.9084026320572384e-15
0.5262396096096096,2.91037641449242e-15
0.527222062062062,2.9115930032260107e-15
0.5282045145145146,2.9122085949132934e-15
0.529186966966967,2.912365518004396e-15
0.5301694194194194,2.912183584968404e-15
0.5311518718718719,2.9117614792432472e-15
0.5321343243243243,2.911178719517035e-15
0.5331167767767767,2.9104976751542936e-15
0.5340992292292293,2.909765612102484e-15
0.5350816816816817,2.9090167549647193e-15
0.5360641341341341,2.9082743558664377e-15
0.5370465865865865,2.907552764438804e-15
0.538029039039039,2.9068594958687754e-15
0.5390114914914915,2.9061972957047745e-15
0.539993943943944,2.9055661987283707e-15
0.5409763963963964,2.9049653727021073e-15
0.5419588488488488,2.9043939323862785e-15
0.5429413013013012,2.9038510087837144e-15
0.5439237537537538,2.9033357489852728e-15
0.5449062062062062,2.902847315958661e-15
0.5458886586586587,2.9023848883420186e-15
0.5468711111111111,2.90194766024205e-15
0.5478535635635635,2.9015348410364378e-15
0.5488360160160161,2.90114565518049e-15
0.5498184684684685,2.9007793420177657e-15
0.5508009209209209,2.900435155594522e-15
0.5517833733733734,2.900112364477806e-15
0.5527658258258258,2.8998102515773487e-15
0.5537482782782782,2.8995281139706327e-15
0.5547307307307308,2.8992652627311e-15
0.5557131831831832,2.899021022759911e-15
0.5566956356356356,2.898794732620362e-15
0.557678088088088,2.8985857443752798e-15
0.5586605405405405,2.898393423427046e-15
0.559642992992993,2.8982171483606205e-15
0.5606254454454455,2.898056310788579e-15
0.5616078978978979,2.8979103151988424e-15
0.5625903503503503,2.8977785788048392e-15
0.5635728028028028,2.8976605313974373e-15
0.5645552552552553,2.897555615199329e-15
0.5655377077077077,2.897463284721284e-15
0.5665201601601602,2.897383006620308e-15
0.5675026126126126,2.8973142595594805e-15
0.568485065065065,2.8972565340698587e-15
0.5694675175175176,2.897209332413597e-15
0.57044996996997,2.8971721684488956e-15
0.5714324224224224,2.8971445674963755e-15
0.5724148748748749,2.8971260662067427e-15
0.5733973273273273,2.897116212429932e-15
0.5743797797797797,2.8971145650853388e-15
0.5753622322322323,2.8971206940334493e-15
0.5763446846846847,2.8971341799482916e-15
0.5773271371371371,2.8971546141913045e-15
0.5783095895895896,2.897181598685862e-15
0.579292042042042,2.8972147457929546e-15
0.5802744944944945,2.8972536781877266e-15
0.581256946946947,2.8972980287366116e-15
0.5822393993993994,2.897347440375721e-15
0.5832218518518518,2.8974015659893876e-15
0.5842043043043043,2.897460068289862e-15
0.5851867567567568,2.8975226196972586e-15
0.5861692092092092,2.897588902220523e-15
0.5871516616616617,2.897658607338443e-15
0.5881341141141141,2.8977314358815343e-15
0.5891165665665665,2.8978070979143285e-15
0.590099019019019,2.8978853126180155e-15
0.5910814714714715,2.8979658081734198e-15
0.5920639239239239,2.8980483216446304e-15
0.5930463763763764,2.8981325988625785e-15
0.5940288288288288,2.8982183943091762e-15
0.5950112812812812,2.8983054710017555e-15
0.5959937337337338,2.8983936003775637e-15
0.5969761861861862,2.898482562178531e-15
0.5979586386386386,2.8985721443364604e-15
0.5989410910910911,2.8986621428580735e-15
0.5999235435435435,2.8987523617104717e-15
0.600905995995996,2.898842612706446e-15
0.6018884484484485,2.898932715390258e-15
0.6028709009009009,2.8990224969232345e-15
0.6038533533533533,2.899111791969558e-15
0.6048358058058058,2.8992004425821376e-15
0.6058182582582583,2.8992882980884217e-15
0.6068007107107107,2.899375214976412e-15
0.6077831631631632,2.8994610567805622e-15
0.6087656156156156,2.8995456939677115e-15
0.609748068068068,2.899629003823162e-15
0.6107305205205205,2.8997108703364754e-15
0.611712972972973,2.899791184087575e-15
0.6126954254254254,2.899869842132522e-15
0.6136778778778779,2.8999467478894783e-15
0.6146603303303303,2.9000218110245424e-15
0.6156427827827827,2.9000949473375294e-15
0.6166252352352353,2.900166078647657e-15
0.6176076876876877,2.9002351326794075e-15
0.6185901401401401,2.9003020429479446e-15
0.6195725925925926,2.900366748644894e-15
0.620555045045045,2.900429194523699e-15
0.6215374974974975,2.900489330785058e-15
0.62251994994995,2.9005471129624866e-15
0.6235024024024024,2.900602501807318e-15
0.6244848548548548,2.9006554631741725e-15
0.6254673073073073,2.9007059679060252e-15
0.6264497597597597,2.900753991719236e-15
0.6274322122122122,2.9007995150887597e-15
0.6284146646646647,2.900842523132688e-15
0.6293971171171171,2.9008830054975896e-15
0.6303795695695695,2.9009209562431182e-15
0.631362022022022,2.900956373726456e-15
0.6323444744744745,2.9009892604875574e-15
0.6333269269269269,2.901019623133255e-15
0.6343093793793794,2.901047472221983e-15
0.6352918318318318,2.9010728221485e-15
0.6362742842842842,2.901095691027787e-15
0.6372567367367368,2.901116100580014e-15
0.6382391891891892,2.901134076014313e-15
0.6392216416416416,2.9011496459135012e-15
0.6402040940940941,2.901162842118049e-15
0.6411865465465465,2.90117369961042e-15
0.642168998998999,2.9011822563991023e-15
0.6431514514514515,2.9011885534027685e-15
0.6441339039039039,2.9011926343345004e-15
0.6451163563563563,2.901194545585584e-15
0.6460988088088088,2.9011943361097385e-15
0.6470812612612612,2.9011920573071008e-15
0.6480637137137137,2.9011877629082147e-15
0.6490461661661662,2.9011815088578872e-15
0.6500286186186186,2.901173353199341e-15
0.651011071071071,2.9011633559580942e-15
0.6519935235235235,2.9011515790258533e-15
0.652975975975976,2.90113808604462e-15
0.6539584284284284,2.901122942290414e-15
0.6549408808808809,2.9011062145574082e-15
0.6559233333333333,2.9010879710418856e-15
0.6569057857857857,2.9010682812260665e-15
0.6578882382382383,2.9010472157622374e-15
0.6588706906906907,2.9010248463566036e-15
0.6598531431431431,2.9010012456533837e-15
0.6608355955955956,2.900976487118862e-15
0.661818048048048,2.900950644925341e-15
0.6628005005005005,2.9009237938352054e-15
0.663782952952953,2.9008960090850257e-15
0.6647654054054054,2.900867366269765e-15
0.6657478578578578,2.900837941226711e-15
0.6667303103103103,2.900807809919832e-15
0.6677127627627627,2.900777048323734e-15
0.6686952152152152,2.900745732308095e-15
0.6696776676676677,2.9007139375217846e-15
0.6706601201201201,2.900681739277136e-15
0.6716425725725725,2.900649212434173e-15
0.672625025025025,2.9006164312851377e-15
0.6736074774774775,2.900583469438595e-15
0.6745899299299299,2.900550399703934e-15
0.6755723823823824,2.9005172939757278e-15
0.6765548348348348,2.900484223118265e-15
0.6775372872872872,2.900451256849868e-15
0.6785197397397398,2.9004184636273167e-15
0.6795021921921922,2.9003859105306933e-15
0.6804846446446446,2.900353663147449e-15
0.6814670970970971,2.9003217854572544e-15
0.6824495495495495,2.9002903397165473e-15
0.6834320020020019,2.9002593863429103e-15
0.6844144544544545,2.900228983799926e-15
0.6853969069069069,2.9001991884816224e-15
0.6863793593593593,2.900170054597176e-15
0.6873618118118118,2.900141634055488e-15
0.6883442642642642,2.9001139763499565e-15
0.6893267167167167,2.900087128442958e-15
0.6903091691691692,2.9000611346506346e-15
0.6912916216216216,2.9000360365275014e-15
0.692274074074074,2.9000118727511023e-15
0.6932565265265265,2.8999886790067277e-15
0.694238978978979,2.899966487872028e-15
0.6952214314314314,2.8999453287016124e-15
0.6962038838838839,2.8999252275117823e-15
0.6971863363363363,2.899906206865205e-15
0.6981687887887887,2.8998882857552702e-15
0.6991512412412413,2.8998714794911414e-15
0.7001336936936937,2.8998557995817737e-15
0.7011161461461461,2.8998412536211125e-15
0.7020985985985986,2.8998278451737226e-15
0.703081051051051,2.89981557372115e-15
0.7040635035035034,2.8998044347985686e-15
0.705045955955956,2.8997944202253008e-15
0.7060284084084084,2.8997855183402336e-15
0.7070108608608608,2.8997777142372097e-15
0.7079933133133133,2.899770990000549e-15
0.7089757657657657,2.8997653249403864e-15
0.7099582182182183,2.89976069582799e-15
0.7109406706706707,2.8997570771311923e-15
0.7119231231231231,2.8997544412498154e-15
0.7129055755755755,2.8997527587508416e-15
0.713888028028028,2.8997519986038506e-15
0.7148704804804805,2.8997521284162756e-15
0.715852932932933,2.8997531146688915e-15
0.7168353853853854,2.899754922950872e-15
0.7178178378378378,2.8997575181952666e-15
0.7188002902902902,2.899760864914487e-15
0.7197827427427427,2.8997649274352088e-15
0.7207651951951952,2.899769670134068e-15
0.7217476476476476,2.899775057672893e-15
0.7227301001001001,2.8997810552314764e-15
0.7237125525525525,2.8997876286844768e-15
0.7246950050050049,2.8997947446450174e-15
0.7256774574574575,2.899802370459933e-15
0.7266599099099099,2.8998104742033846e-15
0.7276423623623623,2.8998190246705772e-15
0.7286248148148148,2.899827991371066e-15
0.7296072672672672,2.8998373445226463e-15
0.7305897197197198,2.89984705504484e-15
0.7315721721721722,2.8998570945524243e-15
0.7325546246246246,2.8998674353491845e-15
0.733537077077077,2.8998780504213973e-15
0.7345195295295295,2.8998889134316464e-15
0.735501981981982,2.899899998712086e-15
0.7364844344344345,2.8999112812585148e-15
0.7374668868868869,2.899922736723656e-15
0.7384493393393393,2.8999343414109757e-15
0.7394317917917917,2.8999460722681585e-15
0.7404142442442442,2.8999579068809882e-15
0.7413966966966967,2.899969823466686e-15
0.7423791491491492,2.8999818008677966e-15
0.7433616016016016,2.8999938185456834e-15
0.744344054054054,2.900005856574203e-15
0.7453265065065064,2.9000178956334176e-15
0.746308958958959,2.9000299170031304e-15
0.7472914114114114,2.900041902556636e-15
0.7482738638638639,2.900053834754269e-15
0.7492563163163163,2.9000656966371433e-15
0.7502387687687687,2.9000774718207052e-15
0.7512212212212213,2.9000891444884954e-15
0.7522036736736737,2.9001006993856554e-15
0.7531861261261261,2.9001121218127875e-15
0.7541685785785786,2.9001233976193654e-15
0.755151031031031,2.9001345131975116e-15
0.7561334834834835,2.9001454554757052e-15
0.757115935935936,2.9001562119122742e-15
0.7580983883883884,2.900166770489176e-15
0.7590808408408408,2.9001771197055824e-15
0.7600632932932933,2.9001872485716135e-15
0.7610457457457457,2.900197146601793e-15
0.7620281981981982,2.900206803808967e-15
0.7630106506506507,2.90021621069774e-15
0.7639931031031031,2.900225358258236e-15
0.7649755555555555,2.9002342379597e-15
0.765958008008008,2.900242841744128e-15
0.7669404604604605,2.9002511620199966e-15
0.7679229129129129,2.9002591916557655e-15
0.7689053653653654,2.9002669239737664e-15
0.7698878178178178,2.9002743527435293e-15
0.7708702702702702,2.9002814721756957e-15
0.7718527227227228,2.9002882769155053e-15
0.7728351751751752,2.9002947620365564e-15
0.7738176276276276,2.900300923034363e-15
0.7748000800800801,2.9003067558199576e-15
0.7757825325325325,2.900312256713732e-15
0.7767649849849849,2.900317422438815e-15
0.7777474374374375,2.900322250114839e-15
0.7787298898898899,2.9003267372517417e-15
0.7797123423423423,2.9003308817430376e-15
0.7806947947947948,2.90033468185984e-15
0.7816772472472472,2.9003381362441433e-15
0.7826596996996997,2.900341243902786e-15
0.7836421521521522,2.9003440042008592e-15
0.7846246046046046,2.9003464168554112e-15
0.785607057057057,2.900348481929184e-15
0.7865895095095095,2.9003501998240073e-15
0.787571961961962,2.9003515712746675e-15
0.7885544144144144,2.900352597342416e-15
0.7895368668668669,2.9003532794087086e-15
0.7905193193193193,2.900353619168641e-15
0.7915017717717717,2.9003536186247666e-15
0.7924842242242243,2.9003532800807155e-15
0.7934666766766767,2.900352606134616e-15
0.7944491291291291,2.9003515996729947e-15
0.7954315815815816,2.9003502638642725e-15
0.796414034034034,2.9003486021524497e-15
0.7973964864864864,2.9003466182505516e-15
0.798378938938939,2.900344316134492e-15
0.7993613913913914,2.900341700036661e-15
0.8003438438438438,2.900338774439347e-15
0.8013262962962963,2.900335544068622e-15
0.8023087487487487,2.9003320138878347e-15
0.8032912012012012,2.900328189091185e-15
0.8042736536536537,2.900324075097597e-15
0.8052561061061061,2.9003196775439733e-15
0.8062385585585585,2.9003150022791385e-15
0.807221011011011,2.9003100553572707e-15
0.8082034634634635,2.900304843031656e-15
0.8091859159159159,2.9002993717482494e-15
0.8101683683683684,2.90029364813925e-15
0.8111508208208208,2.9002876790169027e-15
0.8121332732732732,2.9002814713668565e-15
0.8131157257257257,2.900275032342038e-15
0.8140981781781782,2.9002683692560825e-15
0.8150806306306306,2.900261489577182e-15
0.8160630830830831,2.9002544009214473e-15
0.8170455355355355,2.9002471110467177e-15
0.8180279879879879,2.9002396278462232e-15
0.8190104404404405,2.900231959341942e-15
0.8199928928928929,2.9002241136785342e-15
0.8209753453453453,2.900216099116729e-15
0.8219577977977978,2.9002079240271927e-15
0.8229402502502502,2.900199596884015e-15
0.8239227027027027,2.900191126258222e-15
0.8249051551551552,2.900182520811535e-15
0.8258876076076076,2.900173789290097e-15
0.82687006006006,2.900164940517935e-15
0.8278525125125125,2.900155983390607e-15
0.828834964964965,2.900146926868912e-15
0.8298174174174174,2.900137779972466e-15
0.8307998698698699,2.9001285517733068e-15
0.8317823223223223,2.900119251389591e-15
0.8327647747747747,2.9001098879791365e-15
0.8337472272272272,2.9001004707331944e-15
0.8347296796796797,2.9000910088698376e-15
0.8357121321321321,2.9000815116279223e-15
0.8366945845845846,2.9000719882604077e-15
0.837677037037037,2.9000624480281266e-15
0.8386594894894894,2.900052900193511e-15
0.839641941941942,2.900043354013996e-15
0.8406243943943944,2.900033818735851e-15
0.8416068468468468,2.9000243035877273e-15
0.8425892992992993,2.90001481777428e-15
0.8435717517517517,2.90000537046989e-15
0.8445542042042042,2.8999959708121924e-15
0.8455366566566567,2.8999866278957662e-15
0.8465191091091091,2.899977350765781e-15
0.8475015615615615,2.8999681484115453e-15
0.848484014014014,2.8999590297603173e-15
0.8494664664664664,2.899950003670704e-15
0.8504489189189189,2.89994107892653e-15
0.8514313713713714,2.899932264230356e-15
0.8524138238238238,2.899923568197075e-15
0.8533962762762762,2.8999149993476465e-15
0.8543787287287287,2.8999065661027507e-15
0.8553611811811812,2.899898276776275e-15
0.8563436336336336,2.8998901395691015e-15
0.8573260860860861,2.899882162562696e-15
0.8583085385385385,2.899874353712782e-15
0.8592909909909909,2.899866720842833e-15
0.8602734434434435,2.8998592716379362e-15
0.8612558958958959,2.8998520136382636e-15
0.8622383483483483,2.8998449542328037e-15
0.8632208008008008,2.8998381006529403e-15
0.8642032532532532,2.8998314599661486e-15
0.8651857057057057,2.8998250390695517e-15
0.8661681581581582,2.899818844683663e-15
0.8671506106106106,2.8998128833460016e-15
0.868133063063063,2.8998071614046467e-15
0.8691155155155155,2.8998016850119942e-15
0.8700979679679679,2.8997964601183115e-15
0.8710804204204204,2.8997914924654474e-15
0.8720628728728729,2.8997867875804314e-15
0.8730453253253253,2.8997823507690675e-15
0.8740277777777777,2.8997781871097106e-15
0.8750102302302302,2.8997743014468003e-15
0.8759926826826827,2.8997706983844354e-15
0.8769751351351351,2.8997673822802153e-15
0.8779575875875876,2.8997643572387084e-15
0.87894004004004,2.8997616271052088e-15
0.8799224924924924,2.8997591954592403e-15
0.880904944944945,2.899757065608312e-15
0.8818873973973974,2.899755240581506e-15
0.8828698498498498,2.8997537231230884e-15
0.8838523023023023,2.8997525156862267e-15
0.8848347547547547,2.899751620426578e-15
0.8858172072072072,2.8997510391959327e-15
0.8867996596596597,2.899750773535861e-15
0.8877821121121121,2.899750824671263e-15
0.8887645645645645,2.899751193504141e-15
0.889747017017017,2.899751880607117e-15
0.8907294694694694,2.8997528862172255e-15
0.891711921921922,2.899754210229333e-15
0.8926943743743744,2.8997558521898873e-15
0.8936768268268268,2.8997578112905575e-15
0.8946592792792792,2.8997600863618985e-15
0.8956417317317317,2.8997626758669218e-15
0.8966241841841842,2.899765577894626e-15
0.8976066366366366,2.8997687901539225e-15
0.8985890890890891,2.899772309966822e-15
0.8995715415415415,2.8997761342625695e-15
0.9005539939939939,2.899780259570928e-15
0.9015364464464465,2.899784682015847e-15
0.9025188988988989,2.899789397309245e-15
0.9035013513513513,2.8997944007444624e-15
0.9044838038038038,2.8997996871900167e-15
0.9054662562562562,2.899805251083059e-15
0.9064487087087086,2.8998110864232544e-15
0.9074311611611612,2.899817186766144e-15
0.9084136136136136,2.8998235452169068e-15
0.909396066066066,2.8998301544239785e-15
0.9103785185185185,2.899837006572695e-15
0.9113609709709709,2.8998440933787704e-15
0.9123434234234234,2.8998514060821607e-15
0.9133258758758759,2.8998589354403535e-15
0.9143083283283283,2.8998666717223746e-15
0.9152907807807807,2.8998746047020262e-15
0.9162732332332332,2.899882723651907e-15
0.9172556856856857,2.899891017336601e-15
0.9182381381381381,2.899899474006652e-15
0.9192205905905906,2.899908081391964e-15
0.920203043043043,2.8999168266955735e-15
0.9211854954954954,2.8999256965871335e-15
0.922167947947948,2.89993467719665e-15
0.9231504004004004,2.8999437541079443e-15
0.9241328528528528,2.8999529123524704e-15
0.9251153053053053,2.899962136402826e-15
0.9260977577577577,2.8999714101663595e-15
0.9270802102102101,2.8999807169788336e-15
0.9280626626626627,2.8999900395979263e-15
0.9290451151151151,2.899999360197171e-15
0.9300275675675675,2.900008660359162e-15
0.93101002002002,2.900017921069484e-15
0.9319924724724724,2.9000271227101684e-15
0.932974924924925,2.9000362450534966e-15
0.9339573773773774,2.900045267255398e-15
0.9349398298298298,2.9000541678493272e-15
0.9359222822822822,2.900062924739609e-15
0.9369047347347347,2.90007151519534e-15
0.9378871871871872,2.9000799158439506e-15
0.9388696396396397,2.9000881026646508e-15
0.9398520920920921,2.9000960509824003e-15
0.9408345445445445,2.900103735461286e-15
0.941816996996997,2.900111130098285e-15
0.9427994494494494,2.900118208216839e-15
0.9437819019019019,2.9001249424606214e-15
0.9447643543543544,2.9001313047871336e-15
0.9457468068068068,2.9001372664612634e-15
0.9467292592592592,2.900142798049173e-15
0.9477117117117116,2.9001478694117397e-15
0.9486941641641642,2.900152449698364e-15
0.9496766166166166,2.9001565073406004e-15
0.950659069069069,2.9001600100458476e-15
0.9516415215215215,2.9001629247910083e-15
0.9526239739739739,2.900165217816312e-15
0.9536064264264265,2.9001668546187618e-15
0.9545888788788789,2.900167799946111e-15
0.9555713313313313,2.9001680177904407e-15
0.9565537837837838,2.9001674713818433e-15
0.9575362362362362,2.900166123182134e-15
0.9585186886886887,2.9001639348789026e-15
0.9595011411411412,2.900160867378779e-15
0.9604835935935936,2.9001568808014207e-15
0.961466046046046,2.900151934473424e-15
0.9624484984984985,2.900145986921843e-15
0.9634309509509509,2.9001389958679407e-15
0.9644134034034034,2.9001309182213355e-15
0.9653958558558559,2.900121710073369e-15
0.9663783083083083,2.900111326691239e-15
0.9673607607607607,2.900099722511605e-15
0.9683432132132131,2.9000868511346107e-15
0.9693256656656657,2.900072665317566e-15
0.9703081181181181,2.900057116968983e-15
0.9712905705705706,2.9000401571421775e-15
0.972273023023023,2.9000217360295816e-15
0.9732554754754754,2.9000018029561492e-15
0.974237927927928,2.899980306373701e-15
0.9752203803803804,2.8999571938546323e-15
0.9762028328328328,2.8999324120859365e-15
0.9771852852852853,2.899905906863124e-15
0.9781677377377377,2.8998776230843275e-15
0.9791501901901902,2.8998475047441547e-15
0.9801326426426427,2.899815494927827e-15
0.9811150950950951,2.899781535805227e-15
0.9820975475475475,2.899745568624869e-15
0.98308,2.8997075337081125e-15
