r,X_7Be
0.00161,1.5798566891706438e-11
0.0025924524524524525,1.578239031538346e-11
0.0035749049049049048,1.5762108354692902e-11
0.004557357357357358,1.573765356846024e-11
0.00553980980980981,1.5708962303129866e-11
0.006522262262262262,1.5675974888806693e-11
0.007504714714714715,1.5638635832814327e-11
0.008487167167167168,1.559689401012801e-11
0.00946961961961962,1.5550702850033644e-11
0.010452072072072072,1.5500020518347823e-11
0.011434524524524524,1.544481009452377e-11
0.012416976976976976,1.5385040098931345e-11
0.01339942942942943,1.5320692616704422e-11
0.014381881881881883,1.5251763361105337e-11
0.015364334334334335,1.5178253628083683e-11
0.016346786786786787,1.510017000867404e-11
0.01732923923923924,1.501752446869302e-11
0.01831169169169169,1.4930334418908734e-11
0.019294144144144144,1.4838622775259406e-11
0.020276596596596596,1.474241800871306e-11
0.021259049049049048,1.4641754184388383e-11
0.0222415015015015,1.4536670989573647e-11
0.023223953953953953,1.4427213750311684e-11
0.024206406406406405,1.4313433436244657e-11
0.02518885885885886,1.419538665344256e-11
0.026171311311311313,1.4073135624971646e-11
0.027153763763763765,1.3946748158991996e-11
0.028136216216216217,1.3816297604210654e-11
0.02911866866866867,1.3681862792551118e-11
0.03010112112112112,1.3543527968942645e-11
0.031083573573573574,1.3401382708168619e-11
0.032066026026026026,1.3255521818758165e-11
0.03304847847847848,1.3106045233946976e-11
0.03403093093093093,1.2953057889774177e-11
0.03501338338338338,1.2796669590432723e-11
0.035995835835835835,1.2636994861028091e-11
0.03697828828828829,1.247415278795157e-11
0.03796074074074074,1.2308266847118353e-11
0.03894319319319319,1.2139464720364349e-11
0.039925645645645644,1.1967878100346162e-11
0.040908098098098096,1.1793642484327578e-11
0.04189055055055055,1.161689958784864e-11
0.042873003003003,1.143783619670325e-11
0.04385545545545545,1.125667276791544e-11
0.044837907907907905,1.1073628509682181e-11
0.04582036036036036,1.0888920005083147e-11
0.04680281281281281,1.0702760858200517e-11
0.04778526526526526,1.0515361358289793e-11
0.04876771771771772,1.032692816241891e-11
0.04975017017017017,1.0137663996910722e-11
0.050732622622622625,9.947767377850093e-12
0.05171507507507508,9.757432350835161e-12
0.05269752752752753,9.56684825008183e-12
0.05367997997997998,9.376199476916931e-12
0.054662432432432434,9.18566529762724e-12
0.055644884884884886,8.99541966056406e-12
0.05662733733733734,8.805631032342246e-12
0.05760978978978979,8.616462252911333e-12
0.05859224224224224,8.428070409218952e-12
0.059574694694694695,8.240606727137082e-12
0.06055714714714715,8.05421648126798e-12
0.0615395995995996,7.869038922206108e-12
0.06252205205205205,7.685207220784154e-12
0.0635045045045045,7.502848428798705e-12
0.06448695695695696,7.322083455673011e-12
0.06546940940940942,7.143027060483738e-12
0.06645186186186186,6.96578785875217e-12
0.06743431431431432,6.7904683433763106e-12
0.06841676676676677,6.6171649190586295e-12
0.06939921921921922,6.445967949570027e-12
0.07038167167167167,6.2769618171744245e-12
0.07136412412412413,6.110224993529468e-12
0.07234657657657657,5.9458301213722245e-12
0.07332902902902903,5.783844106292834e-12
0.07431148148148148,5.624328217899905e-12
0.07529393393393394,5.4673381996807525e-12
0.07627638638638638,5.3129243868658046e-12
0.07725883883883884,5.161131831610542e-12
0.07824129129129129,5.0120004348197425e-12
0.07922374374374375,4.865565083946517e-12
0.08020619619619619,4.721855796114818e-12
0.08118864864864865,4.580897865925282e-12
0.0821711011011011,4.442712017323185e-12
0.08315355355355356,4.307314558923587e-12
0.084136006006006,4.17471754220785e-12
0.08511845845845846,4.044928922026458e-12
0.0861009109109109,3.917952718863671e-12
0.08708336336336336,3.79378918234193e-12
0.08806581581581581,3.672434955467255e-12
0.08904826826826827,3.5538832391384078e-12
0.09003072072072071,3.438123956469851e-12
0.09101317317317317,3.3251439164984945e-12
0.09199562562562562,3.214926976873005e-12
0.09297807807807808,3.107454205145367e-12
0.09396053053053052,3.0027040383111395e-12
0.09494298298298298,2.900652460711563e-12
0.09592543543543544,2.8012744567327453e-12
0.09690788788788789,2.7045447163841393e-12
0.09789034034034035,2.610435634806735e-12
0.09887279279279279,2.5189172851786808e-12
0.09985524524524525,2.429957594470105e-12
0.1008376976976977,2.343522514677393e-12
0.10182015015015015,2.2595761892989908e-12
0.1028026026026026,2.178081114847081e-12
0.10378505505505506,2.098998297218341e-12
0.1047675075075075,2.0222874027768538e-12
0.10574995995995996,1.947906904029388e-12
0.10673241241241241,1.8758142197992484e-12
0.10771486486486487,1.8059658498301409e-12
0.10869731731731731,1.738317503774492e-12
0.10967976976976977,1.6728242245425887e-12
0.11066222222222222,1.609440506010226e-12
0.11164467467467468,1.5481204051006435e-12
0.11262712712712712,1.4888176482752044e-12
0.11360957957957958,1.4314857324833909e-12
0.11459203203203203,1.3760780206378533e-12
0.11557448448448449,1.3225478316939001e-12
0.11655693693693693,1.2708485254258487e-12
0.11753938938938939,1.2209335820031283e-12
0.11852184184184184,1.172756676480193e-12
0.1195042942942943,1.1262717483221485e-12
0.12048674674674674,1.0814330660969863e-12
0.1214691991991992,1.0381952874709455e-12
0.12245165165165164,9.96513514650635e-13
0.1234341041041041,9.563433454190126e-13
0.12441655655655655,9.176409199174998e-13
0.125399009009009,8.803629633287725e-13
0.12638146146146145,8.444668246174324e-13
0.1273639139139139,8.099105114872594e-13
0.12834636636636637,7.766527217144816e-13
0.12932881881881883,7.446528710168511e-13
0.13031127127127126,7.138711176178312e-13
0.13129372372372372,6.842683836641922e-13
0.13227617617617618,6.55806373653956e-13
0.13325862862862864,6.284475900296943e-13
0.13424108108108107,6.021553460898306e-13
0.13522353353353353,5.768937763678016e-13
0.136205985985986,5.526278446261489e-13
0.13718843843843845,5.293233496089347e-13
0.13817089089089088,5.069469286926381e-13
0.13915334334334334,4.854660595715702e-13
0.1401357957957958,4.648490601100565e-13
0.14111824824824826,4.450650864893668e-13
0.1421007007007007,4.260841297731559e-13
0.14308315315315315,4.07877011010681e-13
0.1440656056056056,3.9041537499274816e-13
0.14504805805805807,3.7367168277069635e-13
0.1460305105105105,3.57619195077663e-13
0.14701296296296296,3.4223160841792913e-13
0.14799541541541542,3.2748297744823377e-13
0.14897786786786787,3.1334823937619655e-13
0.1499603203203203,2.998032287819307e-13
0.15094277277277277,2.868246502659425e-13
0.15192522522522522,2.7439005166798717e-13
0.15290767767767768,2.624777978601059e-13
0.15389013013013011,2.5106704511601524e-13
0.15487258258258257,2.4013771605789836e-13
0.15585503503503503,2.296704751806413e-13
0.1568374874874875,2.1964670495257935e-13
0.15781993993993992,2.1004848249094788e-13
0.15880239239239238,2.0085855680940756e-13
0.15978484484484484,1.920603266342524e-13
0.1607672972972973,1.836378187851565e-13
0.16174974974974976,1.755756671157072e-13
0.1627322022022022,1.6785909200835124e-13
0.16371465465465465,1.6047388041779839e-13
0.1646971071071071,1.5340636645646568e-13
0.16567955955955957,1.4664341251504707e-13
0.166662012012012,1.4017239091087962e-13
0.16764446446446446,1.3398116605642461e-13
0.16862691691691692,1.2805807713982487e-13
0.16960936936936938,1.2239192130917175e-13
0.1705918218218218,1.169719373519143e-13
0.17157427427427427,1.1178778986056172e-13
0.17255672672672673,1.0682955387563051e-13
0.1735391791791792,1.0208769999665155e-13
0.17452163163163162,9.755307995186992e-14
0.17550408408408408,9.321691261719049e-14
0.17648653653653654,8.907077047479736e-14
0.177468988988989,8.510656650184499e-14
0.17845144144144143,8.13165414795288e-14
0.1794338938938939,7.769325171287504e-14
0.18041634634634635,7.422955715152069e-14
0.1813987987987988,7.091860990182244e-14
0.18238125125125124,6.77538431206209e-14
0.1833637037037037,6.472896028106192e-14
0.18434615615615615,6.183792480090777e-14
0.1853286086086086,5.907495002386177e-14
0.18631106106106105,5.643448954450499e-14
0.1872935135135135,5.3911227867536415e-14
0.18827596596596596,5.1500071392117425e-14
0.18925841841841842,4.9196139712230315e-14
0.19024087087087088,4.699475722408229e-14
0.1912233233233233,4.489144503171813e-14
0.19220577577577577,4.288191314213821e-14
0.19318822822822823,4.0962052941357474e-14
0.1941706806806807,3.9127929942996633e-14
0.19515313313313312,3.7375776801129583e-14
0.19613558558558558,3.570198657929318e-14
0.19711803803803804,3.4103106267693016e-14
0.1981004904904905,3.257583054082913e-14
0.19908294294294293,3.111699574790314e-14
0.2000653953953954,2.9723574128554274e-14
0.20104784784784785,2.8392668246624133e-14
0.2020303003003003,2.7121505634825753e-14
0.20301275275275274,2.5907433643353055e-14
0.2039952052052052,2.4747914485644652e-14
0.20497765765765766,2.3640520474673556e-14
0.20596011011011012,2.2582929443306586e-14
0.20694256256256255,2.1572920342447776e-14
0.207925015015015,2.06083690108353e-14
0.20890746746746747,1.968724411053752e-14
0.20988991991991993,1.8807603222346707e-14
0.21087237237237236,1.7967589095436477e-14
0.21185482482482482,1.7165426045804215e-14
0.21283727727727728,1.6399416498181902e-14
0.21381972972972974,1.5667937666246014e-14
0.21480218218218217,1.4969438366116397e-14
0.21578463463463463,1.4302435958282687e-14
0.21676708708708708,1.366551341324226e-14
0.21774953953953954,1.305731649627943e-14
0.21873199199199198,1.2476553447324655e-14
0.21971444444444443,1.1922026140408935e-14
0.2206968968968969,1.1392612776699863e-14
0.22167934934934935,1.0887233871897052e-14
0.2226618018018018,1.0404850345151397e-14
0.22364425425425424,9.94446250760058e-15
0.2246267067067067,9.505109034797373e-15
0.22560915915915916,9.085865927483438e-15
0.22659161161161162,8.685845464812175e-15
0.22757406406406405,8.304195153776421e-15
0.2285565165165165,7.940096678285044e-15
0.22953896896896897,7.59276485101667e-15
0.23052142142142143,7.261446570892456e-15
0.23150387387387386,6.945419788734459e-15
0.23248632632632632,6.643992483415157e-15
0.23346877877877878,6.356501650560508e-15
0.23445123123123124,6.082312305637919e-15
0.23543368368368367,5.820816503046957e-15
0.23641613613613613,5.571432372627659e-15
0.2373985885885886,5.3335993464394375e-15
0.23838104104104105,5.106682639740062e-15
0.23936349349349348,4.88998468111822e-15
0.24034594594594594,4.682858208393811e-15
0.2413283983983984,4.484707548475933e-15
0.24231085085085086,4.294984368758189e-15
0.2432933033033033,4.113183815952774e-15
0.24427575575575575,3.938841001866713e-15
0.2452582082082082,3.77152780003191e-15
0.24624066066066067,3.61084992100405e-15
0.2472231131131131,3.4564442376134463e-15
0.24820556556556556,3.307976334531139e-15
0.24918801801801801,3.165138259258221e-15
0.2501704704704705,3.027646454094491e-15
0.2511529229229229,2.8952398508318693e-15
0.2521353753753754,2.7676781118773237e-15
0.2531178278278278,2.644740003268359e-15
0.25410028028028026,2.5262218866259353e-15
0.25508273273273274,2.411936318512114e-15
0.2560651851851852,2.3017107469443157e-15
0.25704763763763766,2.1953862959779156e-15
0.2580300900900901,2.092816630318662e-15
0.2590125425425425,1.9938668928755873e-15
0.259994994994995,1.8984121961053523e-15
0.26097744744744744,1.8063276985022426e-15
0.2619598998998999,1.7174908615930167e-15
0.26294235235235236,1.6317901679145606e-15
0.2639248048048048,1.5491243811347599e-15
0.2649072572572573,1.4694015137797686e-15
0.2658897097097097,1.3925378539352294e-15
0.26687216216216214,1.3184570467558662e-15
0.26785461461461463,1.2470892273994621e-15
0.26883706706706706,1.1783702026996345e-15
0.2698195195195195,1.1122406795104043e-15
0.270801971971972,1.0486455381960915e-15
0.2717844244244244,9.875331502077403e-16
0.2727668768768769,9.288547390803801e-16
0.2737493293293293,8.725637845088989e-16
0.27473178178178176,8.186154694141835e-16
0.27571423423423425,7.669661700971363e-16
0.2766966866866867,7.175729896994356e-16
0.2776791391391391,6.703933352473039e-16
0.2786615915915916,6.253845385523473e-16
0.279644044044044,5.825057324988402e-16
0.2806264964964965,5.417461846208387e-16
0.28160894894894895,5.031074998496273e-16
0.2825914014014014,4.665757850404483e-16
0.28357385385385386,4.3212289318378984e-16
0.2845563063063063,3.997083603980186e-16
0.2855387587587588,3.69281259316421e-16
0.2865212112112112,3.40781950894342e-16
0.28750366366366364,3.1414372113566544e-16
0.28848611611611613,2.8929429332217295e-16
0.28946856856856856,2.661572099878789e-16
0.290451021021021,2.4465308209231163e-16
0.2914334734734735,2.2470070560815955e-16
0.2924159259259259,2.0621804805818918e-16
0.2933983783783784,1.8912310943244476e-16
0.29438083083083083,1.733346634169512e-16
0.29536328328328326,1.5877288600118581e-16
0.29634573573573575,1.453598793404006e-16
0.2973281881881882,1.3302009926804086e-16
0.2983106406406406,1.2168069512196424e-16
0.2992930930930931,1.112717706039389e-16
0.30027554554554553,1.0172657427095795e-16
0.301257997997998,9.298162799367877e-17
0.30224045045045045,8.497662578068878e-17
0.3032229029029029,7.765230656972733e-17
0.30420535535535537,7.095196777660168e-17
0.3051878078078078,6.482344932792343e-17
0.30617026026026023,5.921883209503716e-17
0.3071527127127127,5.4094106373554225e-17
0.30813516516516515,4.940886485796838e-17
0.30911761761761763,4.512601844897048e-17
0.31010007007007007,4.121153332882732e-17
0.3110825225225225,3.7634187833713886e-17
0.312064974974975,3.436534774124535e-17
0.3130474274274274,3.137875867667401e-17
0.31402987987987985,2.865035442232128e-17
0.31501233233233233,2.615807999191301e-17
0.31599478478478477,2.3881728404642525e-17
0.31697723723723725,2.180279016309174e-17
0.3179596896896897,1.990431450474924e-17
0.3189421421421421,1.8170781558819066e-17
0.3199245945945946,1.6587984598518408e-17
0.32090704704704703,1.5142921634177004e-17
0.3218894994994995,1.3823695644362538e-17
0.32287195195195195,1.2619422791047029e-17
0.3238544044044044,1.1520148010683326e-17
0.32483685685685687,1.051676741606828e-17
0.3258193093093093,9.60095698419655e-18
0.32680176176176173,8.765107043066209e-18
0.3277842142142142,8.002262105728629e-18
0.32876666666666665,7.306065632892396e-18
0.32974911911911914,6.67070933623487e-18
0.33073157157157157,6.090886663345792e-18
0.331714024024024,5.561750132060214e-18
0.3326964764764765,5.078872206927035e-18
0.3336789289289289,4.638209433826936e-18
0.33466138138138135,4.236069570390345e-18
0.33564383383383384,3.8690814699834476e-18
0.33662628628628627,3.5341674957080194e-18
0.33760873873873876,3.228518258205347e-18
0.3385911911911912,2.9495694871354866e-18
0.3395736436436436,2.6949808611146678e-18
0.3405560960960961,2.4626166347054136e-18
0.34153854854854854,2.250527913840764e-18
0.34252100100100097,2.0569364052065552e-18
0.34350345345345346,1.8802166459264437e-18
0.3444859059059059,1.7188816469730317e-18
0.3454683583583584,1.5715762955322682e-18
0.3464508108108108,1.4370660837764641e-18
0.34743326326326324,1.3142262757532184e-18
0.3484157157157157,1.2020320553088825e-18
0.34939816816816816,1.0995495655622708e-18
0.35038062062062064,1.0059277586593844e-18
0.3513630730730731,9.203909819947736e-19
0.3523455255255255,8.422322338536723e-19
0.353327977977978,7.708070275728289e-19
0.3543104304304304,7.055278088952886e-19
0.35529288288288285,6.458588762587213e-19
0.35627533533533534,5.913117583539657e-19
0.3572577877877878,5.414410074655958e-19
0.35824024024024026,4.95840370896256e-19
0.3592226926926927,4.541393062191944e-19
0.3602051451451451,4.1599980922895825e-19
0.3611875975975976,3.811135262993161e-19
0.36217005005005004,3.4919912543549637e-19
0.36315250250250247,3.1999990265008187e-19
0.36413495495495496,2.9328160241857153e-19
0.3651174074074074,2.6883043290328534e-19
0.3660998598598599,2.464512583894031e-19
0.3670823123123123,2.2596595297176115e-19
0.36806476476476474,2.0721190097974192e-19
0.3690472172172172,1.90040630944241e-19
0.37002966966966966,1.743165711067071e-19
0.3710121221221221,1.599159155573058e-19
0.3719945745745746,1.4672559107710107e-19
0.372977027027027,1.3464231565687908e-19
0.3739594794794795,1.2357174048120443e-19
0.3749419319319319,1.1342766790798966e-19
0.37592438438438436,1.0413133864799062e-19
0.37690683683683684,9.561078196152976e-20
0.3778892892892893,8.780022324696847e-20
0.37887174174174176,8.063954390191773e-20
0.3798541941941942,7.40737887989077e-20
0.3808366466466466,6.805271713596328e-20
0.3818190990990991,6.25303928034678e-20
0.38280155155155154,5.746481075506806e-20
0.383784004004004,5.281755618538227e-20
0.38476645645645646,4.8553493603869443e-20
0.3857489089089089,4.4640483154816516e-20
0.3867313613613614,4.10491217705588e-20
0.3877138138138138,3.775250696074544e-20
0.38869626626626624,3.4726021236734523e-20
0.38967871871871873,3.194713534880347e-20
0.39066117117117116,2.939522867633972e-20
0.3916436236236236,2.7051425259101582e-20
0.3926260760760761,2.489844409220317e-20
0.3936085285285285,2.2920462430005857e-20
0.394590980980981,2.1102990955590435e-20
0.39557343343343343,1.9432759774022486e-20
0.39655588588588586,1.7897614280006137e-20
0.39753833833833835,1.6486420034696413e-20
0.3985207907907908,1.518897586302548e-20
0.3995032432432432,1.3995934452688072e-20
0.4004856956956957,1.2898729799450288e-20
0.40146814814814813,1.1889510901324083e-20
0.4024506006006006,1.096108115684582e-20
0.40343305305305305,1.0106842970718069e-20
0.4044155055055055,9.320747113808178e-21
0.40539795795795797,8.597246424341617e-21
0.4063804104104104,7.931253473447552e-21
0.40736286286286283,7.318101851284628e-21
0.4083453153153153,6.753510760138823e-21
0.40932776776776775,6.233552628355081e-21
0.41031022022022023,5.7546234840140225e-21
0.41129267267267267,5.31341585009777e-21
0.4122751251251251,4.9068939436955585e-21
0.4132575775775776,4.532270980784511e-21
0.41424003003003,4.186988405413512e-21
0.4152224824824825,3.868696877902362e-21
0.41620493493493493,3.575238871052963e-21
0.41718738738738737,3.3046327364919923e-21
0.41816983983983985,3.0550581152356883e-21
0.4191522922922923,2.824842577484825e-21
0.4201347447447447,2.6124493866191593e-21
0.4211171971971972,2.4164662914497383e-21
0.42209964964964963,2.2355952590799626e-21
0.4230821021021021,2.0686430682942167e-21
0.42406455455455455,1.9145126902995668e-21
0.425047007007007,1.77219538995025e-21
0.42602945945945947,1.6407634863393068e-21
0.4270119119119119,1.5193637168945182e-21
0.42799436436436433,1.4072111539127916e-21
0.4289768168168168,1.3035836268464525e-21
0.42995926926926925,1.2078166076541569e-21
0.43094172172172174,1.119298520181668e-21
0.43192417417417417,1.0374664378740271e-21
0.4329066266266266,9.61802137167802e-22
0.4338890790790791,8.918284766961774e-22
0.4348715315315315,8.271060495586934e-22
0.43585398398398395,7.672288876641563e-22
0.43683643643643644,7.118215400397344e-22
0.43781888888888887,6.605385819001412e-22
0.43880134134134136,6.130622753444384e-22
0.4397837937937938,5.691002669254476e-22
0.4407662462462462,5.283834837333526e-22
0.4417486986986987,4.906642102691786e-22
0.44273115115115114,4.557143300211015e-22
0.4437136036036036,4.2332371713592322e-22
0.44469605605605605,3.9329876491847016e-22
0.4456785085085085,3.654610391039439e-22
0.446660960960961,3.3964604494676795e-22
0.4476434134134134,3.157020981646203e-22
0.44862586586586584,2.9348929067778067e-22
0.4496083183183183,2.7287854290131176e-22
0.45059077077077075,2.537507350891245e-22
0.45157322322322324,2.3599591090097306e-22
0.4525556756756757,2.195125469738525e-22
0.4535381281281281,2.042068828329142e-22
0.4545205805805806,1.8999230598005251e-22
0.455503033033033,1.7678878745495625e-22
0.45648548548548545,1.6452236357848285e-22
0.45746793793793794,1.531246599654942e-22
0.45845039039039037,1.4253245423706724e-22
0.45943284284284286,1.3268727417406684e-22
0.4604152952952953,1.235350283376821e-22
0.4613977477477477,1.1502566644082685e-22
0.4623802002002002,1.0711286698925706e-22
0.46336265265265264,9.975374992544247e-23
0.46434510510510507,9.290861220303294e-23
0.46532755755755756,8.654068439752577e-23
0.46631001001001,8.061590662056822e-23
0.4672924624624625,7.510272215294144e-23
0.4682749149149149,6.997188734595985e-23
0.46925736736736734,6.519629646368244e-23
0.4702398198198198,6.075082025054573e-23
0.47122227227227226,5.661215711117291e-23
0.4722047247247247,5.2758695882596237e-23
0.4731871771771772,4.917038926437451e-23
0.4741696296296296,4.582863705002592e-23
0.4751520820820821,4.2716178374394606e-23
0.4761345345345345,3.981699225667871e-23
0.47711698698698696,3.711620577833297e-23
0.47809943943943944,3.4600009289527964e-23
0.4790818918918919,3.225557808761958e-23
0.48006434434434436,3.0071000056677863e-23
0.4810467967967968,2.8035208798825173e-23
0.4820292492492492,2.6137921826343215e-23
0.4830117017017017,2.4369583418485427e-23
0.48399415415415414,2.2721311778992083e-23
0.4849766066066066,2.118485015965921e-23
0.48595905905905906,1.975250847636563e-23
0.4869415115115115,1.8416986762730257e-23
0.487923963963964,1.7171433118442038e-23
0.4889064164164164,1.600951962182574e-23
0.48988886886886884,1.4925400518361103e-23
0.49087132132132133,1.391367217263654e-23
0.49185377377377376,1.2969462930630812e-23
0.4928362262262262,1.2108416989288112e-23
0.4938186786786787,1.1381438990205154e-23
0.4948011311311311,1.083196577870984e-23
0.4957835835835836,1.0479751070709655e-23
0.49676603603603603,1.0289348805565804e-23
0.49774848848848846,1.0222304568130397e-23
0.49873094094094095,1.024623975962652e-23
0.4997133933933934,1.0331556396841489e-23
0.5006958458458458,1.0449206074353535e-23
0.5016782982982982,1.0569341061399716e-23
0.5026607507507508,1.0664356916656223e-23
0.5036432032032032,1.0729307568722556e-23
0.5046256556556556,1.0768956092019131e-23
0.5056081081081081,1.0788377448701877e-23
0.5065905605605605,1.0792821670682613e-23
0.507573013013013,1.0787627452417752e-23
0.5085554654654655,1.0778160811409445e-23
0.5095379179179179,1.0768664873577363e-23
0.5105203703703703,1.0759821863223321e-23
0.5115028228228228,1.0751608649925304e-23
0.5124852752752753,1.0744002282221953e-23
0.5134677277277278,1.0736979974822663e-23
0.5144501801801802,1.0730519096335081e-23
0.5154326326326326,1.0724597157495092e-23
0.516415085085085,1.0719191799893561e-23
0.5173975375375375,1.0714280785191763e-23
0.51837998998999,1.0709841984817023e-23
0.5193624424424425,1.0705853370133244e-23
0.5203448948948949,1.0702293003079825e-23
0.5213273473473473,1.0699139027273097e-23
0.5223097997997997,1.0696369659566799e-23
0.5232922522522523,1.0693963182064356e-23
0.5242747047047047,1.069189793458308e-23
0.5252571571571572,1.0690152307561493e-23
0.5262396096096096,1.0688704735413144e-23
0.527222062062062,1.0687533690316189e-23
0.5282045145145146,1.0686617676445552e-23
0.529186966966967,1.0685935224636096e-23
0.5301694194194194,1.0685464887483655e-23
0.5311518718718719,1.0685185234876595e-23
0.5321343243243243,1.0685074849958697e-23
0.5331167767767767,1.0685112325523968e-23
0.5340992292292293,1.0685276260838803e-23
0.5350816816816817,1.0685545258897299e-23
0.5360641341341341,1.0685897924099264e-23
0.5370465865865865,1.0686312860363378e-23
0.538029039039039,1.0686768669664933e-23
0.5390114914914915,1.06872439510023e-23
0.539993943943944,1.0687718404738553e-23
0.5409763963963964,1.0688184156468949e-23
0.5419588488488488,1.0688641155802492e-23
0.5429413013013012,1.0689089474363138e-23
0.5439237537537538,1.0689529183807616e-23
0.5449062062062062,1.0689960355826506e-23
0.5458886586586587,1.0690383062142173e-23
0.5468711111111111,1.0690797374508194e-23
0.5478535635635635,1.0691203364710189e-23
0.5488360160160161,1.0691601104563937e-23
0.5498184684684685,1.0691990665915524e-23
0.5508009209209209,1.0692372120640256e-23
0.5517833733733734,1.0692745540642376e-23
0.5527658258258258,1.0693110997854777e-23
0.5537482782782782,1.069346856423785e-23
0.5547307307307308,1.0693818311779556e-23
0.5557131831831832,1.0694160312494552e-23
0.5566956356356356,1.0694494638423657e-23
0.557678088088088,1.0694821361633683e-23
0.5586605405405405,1.0695140554216394e-23
0.559642992992993,1.0695452288288338e-23
0.5606254454454455,1.069575663599026e-23
0.5616078978978979,1.069605366948668e-23
0.5625903503503503,1.0696343460965132e-23
0.5635728028028028,1.0696626082636116e-23
0.5645552552552553,1.0696901606731725e-23
0.5655377077077077,1.0697170105506656e-23
0.5665201601601602,1.0697431651236327e-23
0.5675026126126126,1.0697686316216929e-23
0.568485065065065,1.0697934172765045e-23
0.5694675175175176,1.0698175293217188e-23
0.57044996996997,1.0698409749929337e-23
0.5714324224224224,1.0698637615275696e-23
0.5724148748748749,1.0698858961649912e-23
0.5733973273273273,1.069907386146322e-23
0.5743797797797797,1.0699282387144366e-23
0.5753622322322323,1.0699484611139071e-23
0.5763446846846847,1.0699680605910663e-23
0.5773271371371371,1.0699870443937454e-23
0.5783095895895896,1.0700054197714775e-23
0.579292042042042,1.0700231939753074e-23
0.5802744944944945,1.0700403742577498e-23
0.581256946946947,1.0700569678728373e-23
0.5822393993993994,1.0700729820759568e-23
0.5832218518518518,1.0700884241239682e-23
0.5842043043043043,1.070103301275033e-23
0.5851867567567568,1.070117620788577e-23
0.5861692092092092,1.0701313899253735e-23
0.5871516616616617,1.0701446159474103e-23
0.5881341141141141,1.0701573061178343e-23
0.5891165665665665,1.0701694677009151e-23
0.590099019019019,1.0701811079621755e-23
0.5910814714714715,1.070192234168119e-23
0.5920639239239239,1.0702028535863346e-23
0.5930463763763764,1.0702129734853927e-23
0.5940288288288288,1.0702226011348978e-23
0.5950112812812812,1.0702317438053411e-23
0.5959937337337338,1.0702404087682078e-23
0.5969761861861862,1.0702486032957946e-23
0.5979586386386386,1.0702563346612927e-23
0.5989410910910911,1.0702636101386758e-23
0.5999235435435435,1.0702704370027305e-23
0.600905995995996,1.0702768225290094e-23
0.6018884484484485,1.0702827739937546e-23
0.6028709009009009,1.070288298673914e-23
0.6038533533533533,1.0702934038471109e-23
0.6048358058058058,1.0702980967916324e-23
0.6058182582582583,1.0703023847863408e-23
0.6068007107107107,1.0703062751106628e-23
0.6077831631631632,1.0703097750446406e-23
0.6087656156156156,1.0703128918687834e-23
0.609748068068068,1.0703156328641807e-23
0.6107305205205205,1.0703180053122661e-23
0.611712972972973,1.0703200164950636e-23
0.6126954254254254,1.0703216736949266e-23
0.6136778778778779,1.07032298419468e-23
0.6146603303303303,1.0703239552774554e-23
0.6156427827827827,1.0703245942267827e-23
0.6166252352352353,1.0703249083265401e-23
0.6176076876876877,1.070324904860845e-23
0.6185901401401401,1.0703245911141889e-23
0.6195725925925926,1.0703239743712589e-23
0.620555045045045,1.0703230619170569e-23
0.6215374974974975,1.0703218610366956e-23
0.62251994994995,1.0703203790156055e-23
0.6235024024024024,1.0703186231393587e-23
0.6244848548548548,1.070316600693667e-23
0.6254673073073073,1.0703143189644339e-23
0.6264497597597597,1.0703117852377017e-23
0.6274322122122122,1.0703090067995812e-23
0.6284146646646647,1.0703059909362876e-23
0.6293971171171171,1.0703027449340979e-23
0.6303795695695695,1.0702992760794395e-23
0.631362022022022,1.0702955916586833e-23
0.6323444744744745,1.0702916989582937e-23
0.6333269269269269,1.0702876052647366e-23
0.6343093793793794,1.0702833178644734e-23
0.6352918318318318,1.0702788440439918e-23
0.6362742842842842,1.0702741910896966e-23
0.6372567367367368,1.0702693662879931e-23
0.6382391891891892,1.0702643769252754e-23
0.6392216416416416,1.0702592302878191e-23
0.6402040940940941,1.0702539336618833e-23
0.6411865465465465,1.0702484943335868e-23
0.642168998998999,1.0702429195890124e-23
0.6431514514514515,1.0702372167141439e-23
0.6441339039039039,1.0702313929948142e-23
0.6451163563563563,1.070225455716775e-23
0.6460988088088088,1.0702194121656544e-23
0.6470812612612612,1.0702132696269231e-23
0.6480637137137137,1.0702070353859478e-23
0.6490461661661662,1.0702007167279419e-23
0.6500286186186186,1.0701943209379243e-23
0.651011071071071,1.0701878553008277e-23
0.6519935235235235,1.0701813271013792e-23
0.652975975975976,1.0701747436241319e-23
0.6539584284284284,1.0701681121535036e-23
0.6549408808808809,1.0701614399737126e-23
0.6559233333333333,1.0701547343688362e-23
0.6569057857857857,1.0701480026227108e-23
0.6578882382382383,1.0701412520190537e-23
0.6588706906906907,1.0701344898413556e-23
0.6598531431431431,1.0701277233729503e-23
0.6608355955955956,1.0701209598969786e-23
0.661818048048048,1.0701142066963972e-23
0.6628005005005005,1.0701074710539879e-23
0.663782952952953,1.070100760252315e-23
0.6647654054054054,1.0700940815738226e-23
0.6657478578578578,1.070087442300723e-23
0.6667303103103103,1.0700808497150691e-23
0.6677127627627627,1.0700743110987402e-23
0.6686952152152152,1.0700678337334357e-23
0.6696776676676677,1.070061424900733e-23
0.6706601201201201,1.0700550918819849e-23
0.6716425725725725,1.0700488419584232e-23
0.672625025025025,1.0700426824110831e-23
0.6736074774774775,1.0700366205209506e-23
0.6745899299299299,1.0700306635687757e-23
0.6755723823823824,1.070024818835202e-23
0.6765548348348348,1.070019093600783e-23
0.6775372872872872,1.0700134951459107e-23
0.6785197397397398,1.0700080307509033e-23
0.6795021921921922,1.0700027076959352e-23
0.6804846446446446,1.0699975332611597e-23
0.6814670970970971,1.0699925147265621e-23
0.6824495495495495,1.0699876593721267e-23
0.6834320020020019,1.069982974477726e-23
0.6844144544544545,1.0699784673232452e-23
0.6853969069069069,1.0699741451884806e-23
0.6863793593593593,1.0699700153532132e-23
0.6873618118118118,1.0699660850972384e-23
0.6883442642642642,1.0699623617003105e-23
0.6893267167167167,1.0699588524422607e-23
0.6903091691691692,1.0699555646029153e-23
0.6912916216216216,1.0699525054621193e-23
0.692274074074074,1.069949682299822e-23
0.6932565265265265,1.069947102396022e-23
0.694238978978979,1.0699447730308376e-23
0.6952214314314314,1.0699427014844338e-23
0.6962038838838839,1.0699408950372082e-23
0.6971863363363363,1.0699393609696148e-23
0.6981687887887887,1.06993810656227e-23
0.6991512412412413,1.0699371390960416e-23
0.7001336936936937,1.0699364658519197e-23
0.7011161461461461,1.0699360941111848e-23
0.7020985985985986,1.0699360283351956e-23
0.703081051051051,1.0699362569723541e-23
0.7040635035035034,1.0699367628264395e-23
0.705045955955956,1.0699375286950781e-23
0.7060284084084084,1.069938537376045e-23
0.7070108608608608,1.0699397716671537e-23
0.7079933133133133,1.0699412143664284e-23
0.7089757657657657,1.0699428482718247e-23
0.7099582182182183,1.0699446561813456e-23
0.7109406706706707,1.0699466208929162e-23
0.7119231231231231,1.069948725204479e-23
0.7129055755755755,1.0699509519138665e-23
0.713888028028028,1.0699532838187958e-23
0.7148704804804805,1.0699557037168956e-23
0.715852932932933,1.0699581944056895e-23
0.7168353853853854,1.0699607386824969e-23
0.7178178378378378,1.0699633193444916e-23
0.7188002902902902,1.0699659191887574e-23
0.7197827427427427,1.069968521012116e-23
0.7207651951951952,1.0699711076112923e-23
0.7217476476476476,1.069973661782994e-23
0.7227301001001001,1.069976169599245e-23
0.7237125525525525,1.0699786288134848e-23
0.7246950050050049,1.0699810397820242e-23
0.7256774574574575,1.069983402861227e-23
0.7266599099099099,1.069985718407432e-23
0.7276423623623623,1.0699879867770399e-23
0.7286248148148148,1.0699902083264255e-23
0.7296072672672672,1.0699923834119292e-23
0.7305897197197198,1.0699945123900052e-23
0.7315721721721722,1.069996595617038e-23
0.7325546246246246,1.0699986334494207e-23
0.733537077077077,1.0700006262435984e-23
0.7345195295295295,1.070002574356025e-23
0.735501981981982,1.0700044781430924e-23
0.7364844344344345,1.0700063379612705e-23
0.7374668868868869,1.0700081541669936e-23
0.7384493393393393,1.0700099271167823e-23
0.7394317917917917,1.0700116571670427e-23
0.7404142442442442,1.0700133446742666e-23
0.7413966966966967,1.0700149899949975e-23
0.7423791491491492,1.0700165934856457e-23
0.7433616016016016,1.07001815550276e-23
0.744344054054054,1.0700196764028344e-23
0.7453265065065064,1.0700211565423796e-23
0.746308958958959,1.0700225962779204e-23
0.7472914114114114,1.0700239959659802e-23
0.7482738638638639,1.0700253559630973e-23
0.7492563163163163,1.0700266766258248e-23
0.7502387687687687,1.07002795831067e-23
0.7512212212212213,1.0700292013742155e-23
0.7522036736736737,1.0700304061730065e-23
0.7531861261261261,1.0700315730636023e-23
0.7541685785785786,1.0700327024025945e-23
0.755151031031031,1.0700337945465099e-23
0.7561334834834835,1.0700348498519945e-23
0.757115935935936,1.0700358686755858e-23
0.7580983883883884,1.0700368513738699e-23
0.7590808408408408,1.0700377983034821e-23
0.7600632932932933,1.0700387098209836e-23
0.7610457457457457,1.0700395862830016e-23
0.7620281981981982,1.0700404280461241e-23
0.7630106506506507,1.0700412354669787e-23
0.7639931031031031,1.07004200890218e-23
0.7649755555555555,1.0700427487083642e-23
0.765958008008008,1.0700434552421282e-23
0.7669404604604605,1.0700441288601513e-23
0.7679229129129129,1.0700447699190034e-23
0.7689053653653654,1.070045378775372e-23
0.7698878178178178,1.070045955785878e-23
0.7708702702702702,1.0700465013071814e-23
0.7718527227227228,1.07004701569591e-23
0.7728351751751752,1.0700474993087572e-23
0.7738176276276276,1.070047952502314e-23
0.7748000800800801,1.0700483756332976e-23
0.7757825325325325,1.0700487690583665e-23
0.7767649849849849,1.0700491331341391e-23
0.7777474374374375,1.0700494682173239e-23
0.7787298898898899,1.0700497746645798e-23
0.7797123423423423,1.0700500528325943e-23
0.7806947947947948,1.070050303078032e-23
0.7816772472472472,1.0700505257575684e-23
0.7826596996996997,1.0700507212278812e-23
0.7836421521521522,1.0700508898456771e-23
0.7846246046046046,1.0700510319676299e-23
0.785607057057057,1.0700511479504243e-23
0.7865895095095095,1.0700512381507473e-23
0.787571961961962,1.0700513029252876e-23
0.7885544144144144,1.0700513426307533e-23
0.7895368668668669,1.0700513576238286e-23
0.7905193193193193,1.0700513482612514e-23
0.7915017717717717,1.0700513148996563e-23
0.7924842242242243,1.0700512578957848e-23
0.7934666766766767,1.0700511776063448e-23
0.7944491291291291,1.0700510743880103e-23
0.7954315815815816,1.070050948597501e-23
0.796414034034034,1.0700508005915374e-23
0.7973964864864864,1.0700506307267975e-23
0.798378938938939,1.0700504393600221e-23
0.7993613913913914,1.0700502268479174e-23
0.8003438438438438,1.0700499935471646e-23
0.8013262962962963,1.0700497398145074e-23
0.8023087487487487,1.0700494660066552e-23
0.8032912012012012,1.0700491724802913e-23
0.8042736536536537,1.0700488595921619e-23
0.8052561061061061,1.070048527698987e-23
0.8062385585585585,1.0700481771574611e-23
0.807221011011011,1.070047808324288e-23
0.8082034634634635,1.0700474215562332e-23
0.8091859159159159,1.0700470172099663e-23
0.8101683683683684,1.0700465956422184e-23
0.8111508208208208,1.0700461572097037e-23
0.8121332732732732,1.0700457022691626e-23
0.8131157257257257,1.0700452311773093e-23
0.8140981781781782,1.0700447442908236e-23
0.8150806306306306,1.0700442419664635e-23
0.8160630830830831,1.0700437245609352e-23
0.8170455355355355,1.0700431924309441e-23
0.8180279879879879,1.0700426459332225e-23
0.8190104404404405,1.0700420854244843e-23
0.8199928928928929,1.0700415112614525e-23
0.8209753453453453,1.0700409238008412e-23
0.8219577977977978,1.0700403233993551e-23
0.8229402502502502,1.0700397104137336e-23
0.8239227027027027,1.0700390852006898e-23
0.8249051551551552,1.0700384481169097e-23
0.8258876076076076,1.0700377995191494e-23
0.82687006006006,1.0700371397640853e-23
0.8278525125125125,1.0700364692084723e-23
0.828834964964965,1.0700357882089946e-23
0.8298174174174174,1.0700350971223884e-23
0.8307998698698699,1.0700343963053365e-23
0.8317823223223223,1.0700336861145826e-23
0.8327647747747747,1.0700329669067998e-23
0.8337472272272272,1.0700322390387563e-23
0.8347296796796797,1.0700315028671062e-23
0.8357121321321321,1.0700307587485812e-23
0.8366945845845846,1.0700300070399038e-23
0.837677037037037,1.0700292480977605e-23
0.8386594894894894,1.0700284822788631e-23
0.839641941941942,1.0700277099399226e-23
0.8406243943943944,1.0700269314376492e-23
0.8416068468468468,1.0700261471287256e-23
0.8425892992992993,1.0700253573698604e-23
0.8435717517517517,1.0700245625177605e-23
0.8445542042042042,1.07002376292915e-23
0.8455366566566567,1.0700229589606988e-23
0.8465191091091091,1.0700221509691115e-23
0.8475015615615615,1.0700213393110999e-23
0.848484014014014,1.07002052434334e-23
0.8494664664664664,1.0700197064225592e-23
0.8504489189189189,1.0700188859054138e-23
0.8514313713713714,1.0700180631486114e-23
0.8524138238238238,1.0700172385088589e-23
0.8533962762762762,1.0700164123428357e-23
0.8543787287287287,1.0700155850072372e-23
0.8553611811811812,1.070014756858767e-23
0.8563436336336336,1.070013928254066e-23
0.8573260860860861,1.0700130995498617e-23
0.8583085385385385,1.0700122711028456e-23
0.8592909909909909,1.0700114432696815e-23
0.8602734434434435,1.0700106164070498e-23
0.8612558958958959,1.0700097908716559e-23
0.8622383483483483,1.0700089670201781e-23
0.8632208008008008,1.0700081452092673e-23
0.8642032532532532,1.0700073257956344e-23
0.8651857057057057,1.0700065091359455e-23
0.8661681581581582,1.0700056955868746e-23
0.8671506106106106,1.0700048855051206e-23
0.868133063063063,1.0700040792473291e-23
0.8691155155155155,1.0700032771701794e-23
0.8700979679679679,1.0700024796303677e-23
0.8710804204204204,1.070001686984536e-23
0.8720628728728729,1.0700008995893787e-23
0.8730453253253253,1.0700001178015621e-23
0.8740277777777777,1.0699993419777522e-23
0.8750102302302302,1.0699985724746051e-23
0.8759926826826827,1.0699978096488108e-23
0.8769751351351351,1.0699970538570146e-23
0.8779575875875876,1.0699963054558964e-23
0.87894004004004,1.0699955648021175e-23
0.8799224924924924,1.069994832252347e-23
0.880904944944945,1.0699941081632269e-23
0.8818873973973974,1.0699933928914513e-23
0.8828698498498498,1.0699926867936607e-23
0.8838523023023023,1.0699919902265212e-23
0.8848347547547547,1.0699913035466898e-23
0.8858172072072072,1.0699906271108225e-23
0.8867996596596597,1.0699899612756009e-23
0.8877821121121121,1.0699893063976537e-23
0.8887645645645645,1.0699886628336703e-23
0.889747017017017,1.0699880309402782e-23
0.8907294694694694,1.0699874110741485e-23
0.891711921921922,1.0699868035919515e-23
0.8926943743743744,1.0699862088503048e-23
0.8936768268268268,1.0699856272058955e-23
0.8946592792792792,1.069985059015358e-23
0.8956417317317317,1.069984504635388e-23
0.8966241841841842,1.0699839644225842e-23
0.8976066366366366,1.069983438733668e-23
0.8985890890890891,1.0699829279252379e-23
0.8995715415415415,1.0699824323539539e-23
0.9005539939939939,1.0699819523764932e-23
0.9015364464464465,1.0699814883494981e-23
0.9025188988988989,1.06998104062962e-23
0.9035013513513513,1.0699806095735275e-23
0.9044838038038038,1.0699801955378723e-23
0.9054662562562562,1.0699797988792972e-23
0.9064487087087086,1.0699794199544807e-23
0.9074311611611612,1.0699790591200664e-23
0.9084136136136136,1.0699787167326984e-23
0.909396066066066,1.0699783931490213e-23
0.9103785185185185,1.0699780887257414e-23
0.9113609709709709,1.0699778038194872e-23
0.9123434234234234,1.0699775387869224e-23
0.9133258758758759,1.0699772939846943e-23
0.9143083283283283,1.0699770697694945e-23
0.9152907807807807,1.069976866497937e-23
0.9162732332332332,1.0699766845267414e-23
0.9172556856856857,1.069976524212515e-23
0.9182381381381381,1.0699763859119533e-23
0.9192205905905906,1.069976269981718e-23
0.920203043043043,1.0699761767784635e-23
0.9211854954954954,1.069976106658872e-23
0.922167947947948,1.0699760599796173e-23
0.9231504004004004,1.0699760370973495e-23
0.9241328528528528,1.0699760383687461e-23
0.9251153053053053,1.0699760641505036e-23
0.9260977577577577,1.0699761147992767e-23
0.9270802102102101,1.0699761906717478e-23
0.9280626626626627,1.069976292124584e-23
0.9290451151151151,1.0699764195145067e-23
0.9300275675675675,1.0699765731981519e-23
0.93101002002002,1.0699767535322277e-23
0.9319924724724724,1.0699769608734004e-23
0.932974924924925,1.0699771955783916e-23
0.9339573773773774,1.0699774580038726e-23
0.9349398298298298,1.0699777485065607e-23
0.9359222822822822,1.0699780674431234e-23
0.9369047347347347,1.069978415170275e-23
0.9378871871871872,1.069978792044732e-23
0.9388696396396397,1.0699791984231703e-23
0.9398520920920921,1.0699796346623211e-23
0.9408345445445445,1.069980101118893e-23
0.941816996996997,1.0699805981495969e-23
0.9427994494494494,1.0699811261111474e-23
0.9437819019019019,1.0699816853602627e-23
0.9447643543543544,1.0699822762536814e-23
0.9457468068068068,1.0699828991481286e-23
0.9467292592592592,1.0699835544003329e-23
0.9477117117117116,1.0699842423670357e-23
0.9486941641641642,1.0699849634049557e-23
0.9496766166166166,1.0699857178708682e-23
0.950659069069069,1.0699865061215089e-23
0.9516415215215215,1.0699873285136179e-23
0.9526239739739739,1.0699881854039743e-23
0.9536064264264265,1.0699890771493096e-23
0.9545888788788789,1.0699900041064205e-23
0.9555713313313313,1.0699909666320654e-23
0.9565537837837838,1.0699919650829981e-23
0.9575362362362362,1.0699929998160303e-23
0.9585186886886887,1.0699940711879344e-23
0.9595011411411412,1.0699951795554975e-23
0.9604835935935936,1.0699963252755028e-23
0.961466046046046,1.0699975087047912e-23
0.9624484984984985,1.0699987302001483e-23
0.9634309509509509,1.0699999901183741e-23
0.9644134034034034,1.0700012888163003e-23
0.9653958558558559,1.0700026266507298e-23
0.9663783083083083,1.0700040039785153e-23
0.9673607607607607,1.070005421156498e-23
0.9683432132132131,1.0700068785414905e-23
0.9693256656656657,1.0700083764903734e-23
0.9703081181181181,1.0700099153599896e-23
0.9712905705705706,1.070011495507189e-23
0.972273023023023,1.0700131172888635e-23
0.9732554754754754,1.0700147810618592e-23
0.974237927927928,1.0700164871830996e-23
0.9752203803803804,1.0700182360094452e-23
0.9762028328328328,1.0700200278978078e-23
0.9771852852852853,1.0700218632050719e-23
0.9781677377377377,1.070023742288182e-23
0.9791501901901902,1.0700256655040293e-23
0.9801326426426427,1.0700276332095568e-23
0.9811150950950951,1.0700296457617066e-23
0.9820975475475475,1.0700317035174206e-23
0.98308,1.0700338068336493e-23
