r,X_He3
0.00161,8.893088654997502e-06
0.0025924524524524525,8.903007818440822e-06
0.0035749049049049048,8.917352121643595e-06
0.004557357357357358,8.936140051466068e-06
0.00553980980980981,8.959392736448443e-06
0.006522262262262262,8.987133975627535e-06
0.007504714714714715,9.019390254518594e-06
0.008487167167167168,9.056190748282484e-06
0.00946961961961962,9.097567312017543e-06
0.010452072072072072,9.143554458033563e-06
0.011434524524524524,9.194189319885715e-06
0.012416976976976976,9.249511602902138e-06
0.01339942942942943,9.309563529642838e-06
0.014381881881881883,9.3743898352381e-06
0.015364334334334335,9.44403781600422e-06
0.016346786786786787,9.518557379026705e-06
0.01732923923923924,9.598001084766447e-06
0.01831169169169169,9.682424183578816e-06
0.019294144144144144,9.771884647063373e-06
0.020276596596596596,9.866443195152178e-06
0.021259049049049048,9.966163319849516e-06
0.0222415015015015,1.0071111306538512e-05
0.023223953953953953,1.0181356253789699e-05
0.024206406406406405,1.0296970092626293e-05
0.02518885885885886,1.0418027606230592e-05
0.026171311311311313,1.0544606451114774e-05
0.027153763763763765,1.0676787180819972e-05
0.028136216216216217,1.0814653273262519e-05
0.02911866866866867,1.0958291162902288e-05
0.03010112112112112,1.1107790278974204e-05
0.031083573573573574,1.126324309109713e-05
0.032066026026026026,1.1424745163655331e-05
0.03304847847847848,1.1592395220432819e-05
0.03403093093093093,1.1766295221076539e-05
0.03501338338338338,1.1946550451066698e-05
0.035995835835835835,1.213326962697957e-05
0.03697828828828829,1.2326565018945861e-05
0.03796074074074074,1.252655259233109e-05
0.03894319319319319,1.273335217079592e-05
0.039925645645645644,1.2947087623033168e-05
0.040908098098098096,1.3167887075627976e-05
0.04189055055055055,1.3395883154482223e-05
0.042873003003003,1.3631213234527097e-05
0.04385545545545545,1.3874019581241327e-05
0.044837907907907905,1.412444938874014e-05
0.04582036036036036,1.43826548107025e-05
0.04680281281281281,1.4648792997184786e-05
0.04778526526526526,1.4923026137253602e-05
0.04876771771771772,1.5205521507353133e-05
0.04975017017017017,1.5496451525346848e-05
0.050732622622622625,1.57959938101875e-05
0.05171507507507508,1.6104331247189428e-05
0.05269752752752753,1.6421652058888754e-05
0.05367997997997998,1.6748149881494524e-05
0.054662432432432434,1.7084023846948993e-05
0.055644884884884886,1.7429478670623435e-05
0.05662733733733734,1.7784724744695594e-05
0.05760978978978979,1.814997823726009e-05
0.05859224224224224,1.8525461197238206e-05
0.059574694694694695,1.891140166516305e-05
0.06055714714714715,1.9308033789926937e-05
0.0615395995995996,1.9715597951585805e-05
0.06252205205205205,2.0134340890326293e-05
0.0635045045045045,2.056451584171065e-05
0.06448695695695696,2.1006382678318845e-05
0.06546940940940942,2.146020805792039e-05
0.06645186186186186,2.1926265578313288e-05
0.06743431431431432,2.2404835938972548e-05
0.06841676676676677,2.289620710966302e-05
0.06939921921921922,2.340067450617245e-05
0.07038167167167167,2.3918541173328278e-05
0.07136412412412413,2.4450117975470614e-05
0.07234657657657657,2.499572379455291e-05
0.07332902902902903,2.555568573605381e-05
0.07431148148148148,2.613033934288243e-05
0.07529393393393394,2.6720028817468785e-05
0.07627638638638638,2.7325107252230165e-05
0.07725883883883884,2.7945936868613495e-05
0.07824129129129129,2.8582889264910574e-05
0.07922374374374375,2.9236345673054002e-05
0.08020619619619619,2.9906697224594782e-05
0.08118864864864865,3.0594345226074573e-05
0.0821711011011011,3.129970144400042e-05
0.08315355355355356,3.202318839963305e-05
0.084136006006006,3.276523967380336e-05
0.08511845845845846,3.352630022196876e-05
0.0861009109109109,3.430682669972268e-05
0.08708336336336336,3.5107287798971294e-05
0.08806581581581581,3.592816459498764e-05
0.08904826826826827,3.676995090455392e-05
0.09003072072072071,3.7633153655401645e-05
0.09101317317317317,3.85182932671514e-05
0.09199562562562562,3.942590404395808e-05
0.09297807807807808,4.035653457905627e-05
0.09396053053053052,4.131074817139835e-05
0.09494298298298298,4.228912325457332e-05
0.09592543543543544,4.329225383818491e-05
0.09690788788788789,4.432074996186132e-05
0.09789034034034035,4.5375238162058304e-05
0.09887279279279279,4.6456361951810534e-05
0.09985524524524525,4.7564782313571875e-05
0.1008376976976977,4.8701178205273265e-05
0.10182015015015015,4.986624707971509e-05
0.1028026026026026,5.1060705417391955e-05
0.10378505505505506,5.228528927283478e-05
0.1047675075075075,5.354075483453243e-05
0.10574995995995996,5.4827878998476506e-05
0.10673241241241241,5.614745995535276e-05
0.10771486486486487,5.7500317791370694e-05
0.10869731731731731,5.8887295102703505e-05
0.10967976976976977,6.0309257623478683e-05
0.11066222222222222,6.1767094867222e-05
0.11164467467467468,6.326172078163451e-05
0.11262712712712712,6.479407441653126e-05
0.11360957957957958,6.63651206047372e-05
0.11459203203203203,6.797585065569355e-05
0.11557448448448449,6.96272830614686e-05
0.11655693693693693,7.13204642148295e-05
0.11753938938938939,7.305646913896203e-05
0.11852184184184184,7.483640222837974e-05
0.1195042942942943,7.66613980004827e-05
0.12048674674674674,7.853262185716523e-05
0.1214691991991992,8.045127085580182e-05
0.12245165165165164,8.24185744888491e-05
0.1234341041041041,8.443579547121783e-05
0.12441655655655655,8.650423053448412e-05
0.125399009009009,8.862521122689891e-05
0.12638146146146145,9.080010471805953e-05
0.1273639139139139,9.303031460698054e-05
0.12834636636636637,9.531728173219212e-05
0.12932881881881883,9.766248498236284e-05
0.13031127127127126,0.00010006744210579466
0.13129372372372372,0.00010253371051700916
0.13227617617617618,0.00010506288809847359
0.13325862862862864,0.00010765661399535356
0.13424108108108107,0.000110316569401009
0.13522353353353353,0.00011304447833075113
0.136205985985986,0.00011584210838119088
0.13718843843843845,0.00011871127147229151
0.13817089089089088,0.00012165382456902211
0.13915334334334334,0.00012467167037926477
0.1401357957957958,0.00012776675802438943
0.14111824824824826,0.000130941083678643
0.1421007007007007,0.00013419669117322093
0.14308315315315315,0.00013753567256060423
0.1440656056056056,0.00014096016863443522
0.14504805805805807,0.0001444723693998815
0.1460305105105105,0.0001480745144891409
0.14701296296296296,0.00015176889354335708
0.14799541541541542,0.00015555784679977745
0.14897786786786787,0.0001594437660007457
0.1499603203203203,0.00016342909539137753
0.15094277277277277,0.00016751633275063674
0.15192522522522522,0.00017170803045796085
0.15290767767767768,0.00017600679659836283
0.15389013013013011,0.00018041529610914644
0.15487258258258257,0.00018493625197166371
0.15585503503503503,0.00018957244645176794
0.1568374874874875,0.00019432672239292598
0.15781993993993992,0.00019920198456622112
0.15880239239239238,0.00020420120108182067
0.15978484484484484,0.00020932740486677618
0.1607672972972973,0.0002145836952143985
0.16174974974974976,0.00021997323941080343
0.1627322022022022,0.00022549927444459776
0.16371465465465465,0.00023116510880609383
0.1646971071071071,0.0002369741243828644
0.16567955955955957,0.00024292977845887691
0.166662012012012,0.00024903560582493963
0.16764446446446446,0.00025529522100867404
0.16862691691691692,0.0002617123206327312
0.16960936936936938,0.0002682906859105521
0.1705918218218218,0.0002750341852894932
0.17157427427427427,0.0002819467772517863
0.17255672672672673,0.0002890325132843973
0.1735391791791792,0.00029629554102953847
0.17452163163163162,0.0003037401076282593
0.17550408408408408,0.00031137056327030317
0.17648653653653654,0.00031919136496415983
0.177468988988989,0.0003272070805420832
0.17845144144144143,0.00033542239291566917
0.1794338938938939,0.00034384210459852214
0.18041634634634635,0.00035247114251344466
0.1813987987987988,0.0003613145631026334
0.18238125125125124,0.00037037755776037957
0.1833637037037037,0.00037966545860892645
0.18434615615615615,0.0003891837446392658
0.1853286086086086,0.00039893804823995396
0.18631106106106105,0.00040893416213832687
0.1872935135135135,0.00041917804677988376
0.18827596596596596,0.0004296758381731094
0.18925841841841842,0.0004404338562285798
0.19024087087087088,0.000451458613622871
0.1912233233233233,0.0004627568252195576
0.19220577577577577,0.00047433541808153135
0.19318822822822823,0.0004862015421108286
0.1941706806806807,0.0004983625813543643
0.19515313313313312,0.0005108261660162717
0.19613558558558558,0.0005236001852199712
0.19711803803803804,0.0005366928005657762
0.1981004904904905,0.0005501124605326447
0.19908294294294293,0.0005638679157757002
0.2000653953953954,0.0005779682353744255
0.20104784784784785,0.000592422824089871
0.2020303003003003,0.0006072414406930245
0.20301275275275274,0.0006224342174304502
0.2039952052052052,0.0006380116806977091
0.20497765765765766,0.0006539847729956781
0.20596011011011012,0.0006703648762499836
0.20694256256256255,0.0006871638365791277
0.207925015015015,0.0007043939906028195
0.20890746746746747,0.0007220681933882825
0.20988991991991993,0.000740199848139224
0.21087237237237236,0.0007588029377394762
0.21185482482482482,0.0007778920582714222
0.21283727727727728,0.0007974824546378733
0.21381972972972974,0.0008175900584255707
0.21480218218218217,0.0008382315281586202
0.21578463463463463,0.0008594242921011582
0.21676708708708708,0.0008811865937806565
0.21774953953953954,0.0009035375404161416
0.21873199199199198,0.0009264971544052598
0.21971444444444443,0.0009500864216174099
0.2206968968968969,0.000974327302750388
0.22167934934934935,0.0009992427064956177
0.2226618018018018,0.0010248564493830223
0.22364425425425424,0.0010511932048129595
0.2246267067067067,0.0010782784401099968
0.22560915915915916,0.0011061383403089336
0.22659161161161162,0.0011347997172585819
0.22757406406406405,0.0011642899024954289
0.2285565165165165,0.0011946366221981953
0.22953896896896897,0.0012258678523868825
0.23052142142142143,0.0012580116523774594
0.23150387387387386,0.0012910959743484278
0.23248632632632632,0.0013251484467198499
0.23346877877877878,0.001360196128893693
0.23445123123123124,0.001396265234759031
0.23543368368368367,0.0014333808222328514
0.23641613613613613,0.001471566445992239
0.2373985885885886,0.0015108437704635918
0.23838104104104105,0.0015512321400777927
0.23936349349349348,0.0015927481037859477
0.24034594594594594,0.0016354048908701704
0.2413283983983984,0.0016792118351901181
0.24231085085085086,0.0017241737451930187
0.2432933033033033,0.0017702902172992128
0.24427575575575575,0.001817554890674384
0.2452582082082082,0.0018659546419332702
0.24624066066066067,0.0019154687190096288
0.2472231131131131,0.001966067814295263
0.24820556556556556,0.002017713078222103
0.24918801801801801,0.0020703550757587403
0.2501704704704705,0.0021239326898420444
0.2511529229229229,0.0021783719775878866
0.2521353753753754,0.0022335849872447667
0.2531178278278278,0.0022894685462876182
0.25410028028028026,0.0023459030338091567
0.25508273273273274,0.00240275115345845
0.2560651851851852,0.002459856726596634
0.25704763763763766,0.0025170435290716342
0.2580300900900901,0.0025741141990252856
0.2590125425425425,0.0026308492473874723
0.259994994994995,0.0026870062084044734
0.26097744744744744,0.002742319219721041
0.2619598998998999,0.0027965005331243445
0.26294235235235236,0.002849244119330369
0.2639248048048048,0.002900230173645811
0.2649072572572573,0.0029491303224408274
0.2658897097097097,0.002995613492825144
0.26687216216216214,0.003039352381150394
0.26785461461461463,0.0030800304274708036
0.26883706706706706,0.003117349175029298
0.2698195195195195,0.003151035867918627
0.270801971971972,0.003180851118148768
0.2717844244244244,0.003206596423166445
0.2727668768768769,0.0032281200493899037
0.2737493293293293,0.0032453181034289803
0.27473178178178176,0.003258132693523136
0.27571423423423425,0.0032665491536946214
0.2766966866866867,0.003270592530255756
0.2776791391391391,0.003270323438293282
0.2786615915915916,0.0032658334098428885
0.279644044044044,0.00325723986569612
0.2806264964964965,0.0032446811228603162
0.28160894894894895,0.0032283128936415268
0.2825914014014014,0.0032083060674855156
0.28357385385385386,0.0031848445885785106
0.2845563063063063,0.0031581233064635512
0.2855387587587588,0.003128345830626476
0.2865212112112112,0.0030957224179938656
0.28750366366366364,0.0030604679195536054
0.28848611611611613,0.0030227998092745966
0.28946856856856856,0.002982936315263896
0.290451021021021,0.0029410946697532967
0.2914334734734735,0.0028974894911416825
0.2924159259259259,0.0028523313080130756
0.2933983783783784,0.0028058252318741233
0.29438083083083083,0.002758169782366438
0.29536328328328326,0.0027095558659560428
0.29634573573573575,0.0026601659066199223
0.2973281881881882,0.0026101731248624233
0.2983106406406406,0.0025597409595164954
0.2992930930930931,0.0025090226252213466
0.30027554554554553,0.0024581607972147547
0.301257997997998,0.002407287414125349
0.30224045045045045,0.00235652358902154
0.3032229029029029,0.0023059796482320684
0.30420535535535537,0.002255755421034625
0.3051878078078078,0.002205940716154569
0.30617026026026023,0.0021566158359653024
0.3071527127127127,0.0021078521036142325
0.30813516516516515,0.002059712396193914
0.30911761761761763,0.0020122516780425345
0.31010007007007007,0.001965517529125694
0.3110825225225225,0.0019195506642512093
0.312064974974975,0.0018743854395989778
0.3130474274274274,0.0018300503437087593
0.31402987987987985,0.0017865684706622096
0.31501233233233233,0.0017439579737228699
0.31599478478478477,0.0017022324981638
0.31697723723723725,0.001661401592419044
0.3179596896896897,0.0016214710970479317
0.3189421421421421,0.0015824435113030158
0.3199245945945946,0.0015443183373485827
0.32090704704704703,0.0015070924023909732
0.3218894994994995,0.0014707601591585795
0.32287195195195195,0.001435313965312476
0.3238544044044044,0.0014007443424821008
0.32483685685685687,0.0013670402157073597
0.3258193093093093,0.0013341891341333205
0.32680176176176173,0.0013021774738476088
0.3277842142142142,0.0012709906237791018
0.32876666666666665,0.0012406131555890883
0.32974911911911914,0.0012110289784878288
0.33073157157157157,0.001182221479900326
0.331714024024024,0.0011541736528884138
0.3326964764764765,0.001126868211212546
0.3336789289289289,0.0011002876928882166
0.33466138138138135,0.001074414553059117
0.33564383383383384,0.0010492312469740758
0.33662628628628627,0.0010247203038170505
0.33760873873873876,0.0010008643921014693
0.3385911911911912,0.0009776463773007772
0.3395736436436436,0.000955049372348478
0.3405560960960961,0.0009330567816023619
0.34153854854854854,0.0009116523388302118
0.34252100100100097,0.000890820139737351
0.34350345345345346,0.0008705446686365985
0.3444859059059059,0.0008508108105072139
0.3454683583583584,0.0008316038456582722
0.3464508108108108,0.0008129094408048455
0.34743326326326324,0.0007947136402220722
0.3484157157157157,0.000777002857028672
0.34939816816816816,0.0007597638646020308
0.35038062062062064,0.0007429837881267322
0.3513630730730731,0.0007266500962781294
0.3523455255255255,0.0007107505930422606
0.353327977977978,0.0006952734096732035
0.3543104304304304,0.0006802069967887212
0.35529288288288285,0.000665540116604812
0.35627533533533534,0.0006512618353095769
0.3572577877877878,0.0006373615155766603
0.35824024024024026,0.0006238288092182502
0.3592226926926927,0.0006106536499775331
0.3602051451451451,0.0005978262464603034
0.3611875975975976,0.0005853370752052499
0.36217005005005004,0.0005731768738923384
0.36315250250250247,0.0005613366346885549
0.36413495495495496,0.0005498075977301457
0.3651174074074074,0.000538581244740399
0.3660998598598599,0.000527649292781852
0.3670823123123123,0.0005170036881417909
0.36806476476476474,0.0005066366003497324
0.3690472172172172,0.0004965404163255377
0.37002966966966966,0.0004867077346567494
0.3710121221221221,0.00047713136000360944
0.3719945745745746,0.0004678042976302151
0.372977027027027,0.0004587197480601736
0.3739594794794795,0.00044987110185507333
0.3749419319319319,0.00044125193451406035
0.37592438438438436,0.0004328560014927188
0.37690683683683684,0.00042467723333948937
0.3778892892892893,0.0004167097309477566
0.37887174174174176,0.0004089477609217454
0.3798541941941942,0.00040138575105435535
0.3808366466466466,0.0003940182859150047
0.3818190990990991,0.00038684010254555945
0.38280155155155154,0.0003798460862624361
0.383784004004004,0.000373031266562897
0.38476645645645646,0.0003663908131336174
0.3857489089089089,0.00035992003195955936
0.3867313613613614,0.00035361436153119537
0.3877138138138138,0.00034746936914813924
0.38869626626626624,0.0003414807473172339
0.38967871871871873,0.00033564431024315735
0.39066117117117116,0.0003299559904096251
0.3916436236236236,0.00032441183524926464
0.3926260760760761,0.00031900800390024744
0.3936085285285285,0.0003137407640478226
0.394590980980981,0.00030860648884883544
0.39557343343343343,0.0003036016539374047
0.39655588588588586,0.0002987228345099143
0.39753833833833835,0.0002939667024874987
0.3985207907907908,0.00028933002375422593
0.3995032432432432,0.0002848096554692104
0.4004856956956957,0.00028040254345090403
0.40146814814814813,0.00027610571963183005
0.4024506006006006,0.000271916299582068
0.40343305305305305,0.00026783148009981066
0.4044155055055055,0.00026384853686732925
0.40539795795795797,0.00025996482217073813
0.4063804104104104,0.00025617776268195514
0.40736286286286283,0.0002524848573012707
0.4083453153153153,0.0002488836750589968
0.40932776776776775,0.0002453718530746806
0.41031022022022023,0.00024194709457236874
0.41129267267267267,0.00023860716695048268
0.4122751251251251,0.00023534989990485597
0.4132575775775776,0.000232173183603534
0.41424003003003,0.00022907496691195129
0.4152224824824825,0.0002260532556671209
0.41620493493493493,0.00022310611099954464
0.41718738738738737,0.00022023164770150342
0.41816983983983985,0.00021742803264048844
0.4191522922922923,0.0002146934832165153
0.4201347447447447,0.00021202626586210529
0.4211171971971972,0.00020942469458374723
0.42209964964964963,0.00020688712954367293
0.4230821021021021,0.00020441197568080345
0.42406455455455455,0.00020199768136976647
0.425047007007007,0.00019964273711688734
0.42602945945945947,0.0001973456742920941
0.4270119119119119,0.00019510506389570667
0.42799436436436433,0.00019291951535909153
0.4289768168168168,0.00019078767537819625
0.42995926926926925,0.00018870822677900738
0.43094172172172174,0.0001866798874139802
0.43192417417417417,0.00018470140908853478
0.4329066266266266,0.00018277157651672447
0.4338890790790791,0.00018088920630519436
0.4348715315315315,0.0001790531459646119
0.43585398398398395,0.0001772622729527893
0.43683643643643644,0.0001755154937942931
0.43781888888888887,0.00017381174328858333
0.43880134134134136,0.00017214998374860842
0.4397837937937938,0.00017052920425615167
0.4407662462462462,0.0001689484199336581
0.4417486986986987,0.00016740667123245104
0.44273115115115114,0.0001659030232371741
0.4437136036036036,0.0001644365649863223
0.44469605605605605,0.0001630064088086746
0.4456785085085085,0.00016161168967546077
0.446660960960961,0.00016025156456806163
0.4476434134134134,0.00015892521186103233
0.44862586586586584,0.00015763183072024992
0.4496083183183183,0.00015637064051595827
0.45059077077077075,0.00015514088025048224
0.45157322322322324,0.0001539418080003842
0.4525556756756757,0.0001527727003728279
0.4535381281281281,0.00015163285197590772
0.4545205805805806,0.00015052157490270607
0.455503033033033,0.0001494381982288324
0.45648548548548545,0.0001483820675232038
0.45746793793793794,0.00014735254437182004
0.45845039039039037,0.00014634900591429064
0.45943284284284286,0.00014537084439286346
0.4604152952952953,0.00014441746671372941
0.4613977477477477,0.00014348829402033867
0.4623802002002002,0.00014258276127850842
0.46336265265265264,0.00014170031687307897
0.46434510510510507,0.0001408404222158769
0.46532755755755756,0.00014000255136476907
0.46631001001001,0.00013918619065356083
0.4672924624624625,0.0001383908383325306
0.4682749149149149,0.00013761600421936587
0.46925736736736734,0.00013686120936029194
0.4702398198198198,0.0001361259857011747
0.47122227227227226,0.00013540987576838323
0.4722047247247247,0.00013471243235921928
0.4731871771771772,0.00013403321824169624
0.4741696296296296,0.00013337180586347618
0.4751520820820821,0.0001327277770697731
0.4761345345345345,0.00013210072283003052
0.47711698698698696,0.00013149024297318435
0.47809943943943944,0.00013089594593133206
0.4790818918918919,0.00013031744849163654
0.48006434434434436,0.00012975437555627856
0.4810467967967968,0.000129206359910299
0.4820292492492492,0.00012867304199716323
0.4830117017017017,0.00012815406970188265
0.48399415415415414,0.0001276490981415393
0.4849766066066066,0.00012715778946305865
0.48595905905905906,0.00012667981264808103
0.4869415115115115,0.0001262148433247848
0.487923963963964,0.00012576256358651642
0.4889064164164164,0.0001253226618170915
0.48988886886886884,0.00012489483252262897
0.49087132132132133,0.00012447877616978195
0.49185377377377376,0.00012407419903024411
0.4928362262262262,0.0001236808130313916
0.4938186786786787,0.0001232983356129488
0.4948011311311311,0.0001229264895895499
0.4957835835835836,0.000122565003019077
0.49676603603603603,0.00012221360907666088
0.49774848848848846,0.00012187204593423023
0.49873094094094095,0.00012154005664549634
0.4997133933933934,0.0001212173890362642
0.5006958458458458,0.00012090379559996098
0.5016782982982982,0.00012059903339828022
0.5026607507507508,0.00012030286396683132
0.5036432032032032,0.00012001505322570125
0.5046256556556556,0.00011973537139481246
0.5056081081081081,0.00011946359291399856
0.5065905605605605,0.00011919949636768069
0.507573013013013,0.00011894286441405722
0.5085554654654655,0.00011869348371870955
0.5095379179179179,0.00011845114489252848
0.5105203703703703,0.00011821564243386958
0.5115028228228228,0.00011798677467483884
0.5124852752752753,0.00011776434373162542
0.5134677277277278,0.0001175481554587799
0.5144501801801802,0.00011733801940735431
0.5154326326326326,0.00011713374878681195
0.516415085085085,0.00011693516043061414
0.5173975375375375,0.00011674207476539775
0.51837998998999,0.0001165543157836523
0.5193624424424425,0.00011637171101980654
0.5203448948948949,0.00011619409152964211
0.5213273473473473,0.00011602129187293457
0.5223097997997997,0.00011585315009924705
0.5232922522522523,0.00011568950773677563
0.5242747047047047,0.00011553020978416718
0.5252571571571572,0.00011537510470522068
0.5262396096096096,0.00011522404442637803
0.527222062062062,0.00011507688433692927
0.5282045145145146,0.00011493348329183088
0.529186966966967,0.00011479370361706045
0.5301694194194194,0.00011465741111741923
0.5311518718718719,0.00011452447508669048
0.5321343243243243,0.00011439476832007717
0.5331167767767767,0.00011426816712882536
0.5340992292292293,0.000114144551356952
0.5350816816816817,0.00011402380439999358
0.5360641341341341,0.0001139058132256891
0.5370465865865865,0.00011379046839651724
0.538029039039039,0.00011367766409400294
0.5390114914914915,0.0001135672981447157
0.539993943943944,0.00011345927204773938
0.5409763963963964,0.00011335349099161825
0.5419588488488488,0.00011324986381441156
0.5429413013013012,0.0001131483029232419
0.5439237537537538,0.00011304872421178312
0.5449062062062062,0.0001129510469795319
0.5458886586586587,0.00011285519385276647
0.5468711111111111,0.00011276109070708186
0.5478535635635635,0.0001126686665914242
0.5488360160160161,0.000112577853653518
0.5498184684684685,0.00011248858706661727
0.5508009209209209,0.00011240080495749502
0.5517833733733734,0.00011231444833560072
0.5527658258258258,0.0001122294610233135
0.5537482782782782,0.00011214578958723119
0.5547307307307308,0.00011206338327042938
0.5557131831831832,0.0001119821939256369
0.5566956356356356,0.0001119021759492743
0.557678088088088,0.0001118232862163041
0.5586605405405405,0.00011174548401584537
0.559642992992993,0.00011166873098751397
0.5606254454454455,0.00011159299105844368
0.5616078978978979,0.00011151823038095138
0.5625903503503503,0.00011144441727081351
0.5635728028028028,0.00011137152214611492
0.5645552552552553,0.000111299517466653
0.5655377077077077,0.00011122837767385297
0.5665201601601602,0.00011115807913117887
0.5675026126126126,0.00011108860006501558
0.568485065065065,0.00011101992050599375
0.5694675175175176,0.00011095202223074634
0.57044996996997,0.00011088488870406637
0.5714324224224224,0.00011081850502145972
0.5724148748748749,0.00011075285785207018
0.5733973273273273,0.00011068793538196368
0.5743797797797797,0.00011062372725775672
0.5753622322322323,0.00011056022453057928
0.5763446846846847,0.0001104974196003603
0.5773271371371371,0.00011043530616041677
0.5783095895895896,0.00011037387914235356
0.579292042042042,0.00011031313466124496
0.5802744944944945,0.0001102530699611034
0.581256946946947,0.00011019368336062067
0.5822393993993994,0.00011013497419917885
0.5832218518518518,0.00011007694278311513
0.5842043043043043,0.00011001959033224601
0.5851867567567568,0.00010996291892663187
0.5861692092092092,0.00010990693145358598
0.5871516616616617,0.00010985163155491317
0.5881341141141141,0.0001097970235743823
0.5891165665665665,0.00010974311250541264
0.590099019019019,0.00010968990393898441
0.5910814714714715,0.00010963740401175624
0.5920639239239239,0.00010958561935438676
0.5930463763763764,0.00010953455704005635
0.5940288288288288,0.00010948422453318288
0.5950112812812812,0.00010943462963832177
0.5959937337337338,0.00010938578044924944
0.5969761861861862,0.00010933768529821943
0.5979586386386386,0.00010929035270538739
0.5989410910910911,0.00010924379132839727
0.5999235435435435,0.00010919800991212057
0.600905995995996,0.00010915301723854568
0.6018884484484485,0.00010910882207680302
0.6028709009009009,0.00010906543313332627
0.6038533533533533,0.00010902285900213433
0.6048358058058058,0.00010898110811523578
0.6058182582582583,0.00010894018869313154
0.6068007107107107,0.00010890010869542891
0.6077831631631632,0.00010886087577153763
0.6087656156156156,0.00010882249721145222
0.609748068068068,0.00010878497989660804
0.6107305205205205,0.00010874833025079842
0.611712972972973,0.00010871255419115077
0.6126954254254254,0.00010867765707914334
0.6136778778778779,0.00010864364367166332
0.6146603303303303,0.00010861051807208445
0.6156427827827827,0.00010857828368136986
0.6166252352352353,0.00010854694314917517
0.6176076876876877,0.00010851649832495288
0.6185901401401401,0.0001084869502090459
0.6195725925925926,0.000108458298903758
0.620555045045045,0.00010843054356439787
0.6215374974974975,0.000108403682350282
0.62251994994995,0.00010837771237569262
0.6235024024024024,0.00010835262966078061
0.6244848548548548,0.00010832842908240516
0.6254673073073073,0.00010830510432490504
0.6264497597597597,0.00010828264783079077
0.6274322122122122,0.00010826105075135916
0.6284146646646647,0.00010824030289721617
0.6293971171171171,0.00010822039268870667
0.6303795695695695,0.00010820130710625344
0.631362022022022,0.00010818303164059102
0.6323444744744745,0.00010816555024290296
0.6333269269269269,0.00010814884527485424
0.6343093793793794,0.00010813289745852533
0.6352918318318318,0.0001081176858262441
0.6362742842842842,0.00010810318767032262
0.6372567367367368,0.00010808937849270062
0.6382391891891892,0.00010807623195450342
0.6392216416416416,0.00010806371982552061
0.6402040940940941,0.00010805181193361635
0.6411865465465465,0.00010804047611408078
0.642168998998999,0.00010802967815893707
0.6431514514514515,0.00010801938176622022
0.6441339039039039,0.00010800954848924263
0.6451163563563563,0.0001080001376858698
0.6460988088088088,0.0001079911064678244
0.6470812612612612,0.00010798240965005065
0.6480637137137137,0.00010797399970015538
0.6490461661661662,0.00010796582668797213
0.6500286186186186,0.00010795783823526613
0.651011071071071,0.00010794997946562757
0.6519935235235235,0.00010794219295458858
0.652975975975976,0.00010793441868001091
0.6539584284284284,0.00010792659397278633
0.6549408808808809,0.00010791865346790463
0.6559233333333333,0.00010791052905594458
0.6569057857857857,0.00010790214983504111
0.6578882382382383,0.00010789344206339809
0.6588706906906907,0.00010788432911241076
0.6598531431431431,0.00010787473142046772
0.6608355955955956,0.00010786456644751352
0.661818048048048,0.00010785374863044747
0.6628005005005005,0.00010784218933944786
0.663782952952953,0.00010782979683531373
0.6647654054054054,0.00010781647622791542
0.6657478578578578,0.00010780212943586016
0.6667303103103103,0.00010778665514747808
0.6677127627627627,0.0001077699487832394
0.6686952152152152,0.00010775190245972482
0.6696776676676677,0.00010773240495526861
0.6706601201201201,0.00010771134167740908
0.6716425725725725,0.00010768859463227829
0.672625025025025,0.00010766404239607842
0.6736074774774775,0.00010763756008878549
0.6745899299299299,0.00010760901935024548
0.6755723823823824,0.00010757828831980329
0.6765548348348348,0.00010754523170591124
0.6775372872872872,0.00010750971128291954
0.6785197397397398,0.00010747158669799748
0.6795021921921922,0.00010743071630805028
0.6804846446446446,0.00010738695801743523
0.6814670970970971,0.00010734017011609043
0.6824495495495495,0.00010729021211763926
0.6834320020020019,0.00010723694559697378
0.6844144544544545,0.00010718023502676517
0.6853969069069069,0.00010711994861228883
0.6863793593593593,0.00010705595912389724
0.6873618118118118,0.00010698814472641721
0.6883442642642642,0.00010691638980470481
0.6893267167167167,0.0001068405857845459
0.6903091691691692,0.00010676063194804392
0.6912916216216216,0.00010667643624262446
0.692274074074074,0.0001065879160827367
0.6932565265265265,0.0001064949991433321
0.694238978978979,0.00010639762414419281
0.6952214314314314,0.00010629574162417315
0.6962038838838839,0.00010618931470443468
0.6971863363363363,0.0001060783198397845
0.6981687887887887,0.00010596274755724649
0.6991512412412413,0.00010584260318105595
0.7001336936936937,0.00010571790754331104
0.7011161461461461,0.00010558869767960047
0.7020985985985986,0.00010545502754330727
0.703081051051051,0.00010531697000391568
0.7040635035035034,0.00010517462294785616
0.705045955955956,0.00010502811734203354
0.7060284084084084,0.0001048776253215094
0.7070108608608608,0.00010472336818581748
0.7079933133133133,0.00010456562429982317
0.7089757657657657,0.00010440473689669855
0.7099582182182183,0.00010424112178284224
0.7109406706706707,0.00010407527494732903
0.7119231231231231,0.00010390778008197068
0.7129055755755755,0.00010373931591257223
0.713888028028028,0.00010357065822651588
0.7148704804804805,0.00010340266301130014
0.715852932932933,0.00010323623935468994
0.7168353853853854,0.00010307232201041252
0.7178178378378378,0.00010291184431469566
0.7188002902902902,0.00010275571144715267
0.7197827427427427,0.00010260477401596248
0.7207651951951952,0.0001024598019343289
0.7217476476476476,0.00010232145854355494
0.7227301001001001,0.0001021902753304722
0.7237125525525525,0.0001020666360665892
0.7246950050050049,0.0001019507828441678
0.7256774574574575,0.00010184282993252564
0.7266599099099099,0.00010174277767454694
0.7276423623623623,0.00010165052616481493
0.7286248148148148,0.00010156588873028361
0.7296072672672672,0.00010148860523754293
0.7305897197197198,0.00010141835525236871
0.7315721721721722,0.00010135477107752481
0.7325546246246246,0.00010129745069404146
0.733537077077077,0.00010124597062953571
0.7345195295295295,0.00010119989877486269
0.735501981981982,0.00010115880716726098
0.7364844344344345,0.00010112228430325512
0.7374668868868869,0.0001010899425128973
0.7384493393393393,0.00010106141845192556
0.7394317917917917,0.00010103637217951374
0.7404142442442442,0.00010101448624557297
0.7413966966966967,0.00010099546480130711
0.7423791491491492,0.00010097903273009874
0.7433616016016016,0.00010096493479608209
0.744344054054054,0.00010095293480804504
0.7453265065065064,0.00010094281479655378
0.746308958958959,0.00010093437420242764
0.7472914114114114,0.0001009274290749008
0.7482738638638639,0.00010092181127800985
0.7492563163163163,0.0001009173677039212
0.7502387687687687,0.00010091395949207217
0.7512212212212213,0.00010091146125315078
0.7522036736736737,0.00010090976029707372
0.7531861261261261,0.0001009087558642291
0.7541685785785786,0.00010090835835937442
0.755151031031031,0.00010090848858766192
0.7561334834834835,0.00010090907699235054
0.757115935935936,0.00010091006289384146
0.7580983883883884,0.00010091139372972823
0.7590808408408408,0.00010091302429562172
0.7600632932932933,0.00010091491598653956
0.7610457457457457,0.00010091703603870542
0.7620281981981982,0.00010091935677162484
0.7630106506506507,0.0001009218548303398
0.7639931031031031,0.00010092451042777718
0.7649755555555555,0.00010092730658713253
0.765958008008008,0.00010093022838423929
0.7669404604604605,0.00010093326219330466
0.7679229129129129,0.0001009363950615412
0.7689053653653654,0.0001009396144923889
0.7698878178178178,0.00010094290842875783
0.7708702702702702,0.00010094626524703944
0.7718527227227228,0.00010094967375113538
0.7728351751751752,0.00010095312316650107
0.7738176276276276,0.00010095660313420515
0.7748000800800801,0.00010096010370499981
0.7757825325325325,0.00010096361533340171
0.7767649849849849,0.00010096712887178351
0.7777474374374375,0.00010097063556447403
0.7787298898898899,0.0001009741270418625
0.7797123423423423,0.0001009775953145105
0.7806947947947948,0.00010098103276727006
0.7816772472472472,0.00010098443215339978
0.7826596996996997,0.00010098778658868961
0.7836421521521522,0.0001009910895455852
0.7846246046046046,0.00010099433484731047
0.785607057057057,0.00010099751666199357
0.7865895095095095,0.00010100062949679208
0.787571961961962,0.00010100366819201497
0.7885544144144144,0.00010100662791524438
0.7895368668668669,0.00010100950415545609
0.7905193193193193,0.00010101229271713464
0.7915017717717717,0.00010101498971438748
0.7924842242242243,0.00010101759156505496
0.7934666766766767,0.00010102009498481685
0.7944491291291291,0.00010102249698129582
0.7954315815815816,0.00010102479484815336
0.796414034034034,0.00010102698615918657
0.7973964864864864,0.00010102906876241458
0.798378938938939,0.00010103104077416566
0.7993613913913914,0.00010103290057315605
0.8003438438438438,0.00010103464679456622
0.8013262962962963,0.00010103627832411079
0.8023087487487487,0.00010103779429210532
0.8032912012012012,0.00010103919406752548
0.8042736536536537,0.00010104047725206775
0.8052561061061061,0.00010104164367419758
0.8062385585585585,0.00010104269338319934
0.807221011011011,0.00010104362664322012
0.8082034634634635,0.00010104444392730715
0.8091859159159159,0.0001010451459114464
0.8101683683683684,0.00010104573346859206
0.8111508208208208,0.00010104620766269456
0.8121332732732732,0.00010104656974272779
0.8131157257257257,0.00010104682113670825
0.8140981781781782,0.00010104696344571482
0.8150806306306306,0.000101046998437905
0.8160630830830831,0.00010104692804252809
0.8170455355355355,0.00010104675434393627
0.8180279879879879,0.00010104647957559342
0.8190104404404405,0.00010104610611408515
0.8199928928928929,0.00010104563647312063
0.8209753453453453,0.00010104507329754016
0.8219577977977978,0.00010104441935731854
0.8229402502502502,0.00010104367754156643
0.8239227027027027,0.0001010428508525335
0.8249051551551552,0.00010104194239960978
0.8258876076076076,0.00010104095539332754
0.82687006006006,0.00010103989313936357
0.8278525125125125,0.00010103875903253942
0.828834964964965,0.00010103755655082526
0.8298174174174174,0.00010103628924934289
0.8307998698698699,0.00010103496075436868
0.8317823223223223,0.00010103357475734078
0.8327647747747747,0.00010103213500886217
0.8337472272272272,0.00010103064531271082
0.8347296796796797,0.00010102910951984714
0.8357121321321321,0.00010102753152242595
0.8366945845845846,0.00010102591524780735
0.837677037037037,0.00010102426465257228
0.8386594894894894,0.00010102258371653702
0.839641941941942,0.00010102087643677373
0.8406243943943944,0.00010101914682162829
0.8416068468468468,0.0001010173988847442
0.8425892992992993,0.00010101563663908613
0.8435717517517517,0.0001010138640909676
0.8445542042042042,0.00010101208523408002
0.8455366566566567,0.00010101030404352199
0.8465191091091091,0.00010100852446983585
0.8475015615615615,0.00010100675043304093
0.848484014014014,0.00010100498581667165
0.8494664664664664,0.00010100323446181844
0.8504489189189189,0.00010100150016116906
0.8514313713713714,0.0001009997866530521
0.8524138238238238,0.00010099809761548338
0.8533962762762762,0.00010099643666021362
0.8543787287287287,0.000100994807326777
0.8553611811811812,0.00010099321307654207
0.8563436336336336,0.00010099165728676516
0.8573260860860861,0.0001009901432446421
0.8583085385385385,0.0001009886741413641
0.8592909909909909,0.00010098725306617298
0.8602734434434435,0.00010098588300041843
0.8612558958958959,0.00010098456681161348
0.8622383483483483,0.00010098330724749392
0.8632208008008008,0.00010098210693007482
0.8642032532532532,0.00010098096834970957
0.8651857057057057,0.0001009798938591471
0.8661681581581582,0.00010097888566759034
0.8671506106106106,0.000100977945834752
0.868133063063063,0.00010097707626491309
0.8691155155155155,0.00010097627870097776
0.8700979679679679,0.00010097555471852681
0.8710804204204204,0.00010097490571987356
0.8720628728728729,0.00010097433292811373
0.8730453253253253,0.00010097383738117734
0.8740277777777777,0.00010097341992587685
0.8750102302302302,0.00010097308121195427
0.8759926826826827,0.00010097282168612514
0.8769751351351351,0.00010097264158612258
0.8779575875875876,0.00010097254093473544
0.87894004004004,0.00010097251953384846
0.8799224924924924,0.00010097257695847532
0.880904944944945,0.00010097271255079255
0.8818873973973974,0.0001009729254141688
0.8828698498498498,0.0001009732144072976
0.8838523023023023,0.00010097357814156623
0.8848347547547547,0.00010097401498754831
0.8858172072072072,0.00010097452308546997
0.8867996596596597,0.0001009751003558582
0.8877821121121121,0.00010097574451018774
0.8887645645645645,0.0001009764530615227
0.889747017017017,0.00010097722333516177
0.8907294694694694,0.00010097805247928036
0.891711921921922,0.00010097893747557077
0.8926943743743744,0.0001009798751498875
0.8936768268268268,0.00010098086218288651
0.8946592792792792,0.00010098189512066891
0.8956417317317317,0.00010098297038542504
0.8966241841841842,0.00010098408428607747
0.8976066366366366,0.00010098523302892811
0.8985890890890891,0.000100986412728304
0.8995715415415415,0.000100987619417208
0.9005539939939939,0.00010098884905796694
0.9015364464464465,0.00010099009755288754
0.9025188988988989,0.00010099136075490869
0.9035013513513513,0.00010099263447826096
0.9044838038038038,0.00010099391450912447
0.9054662562562562,0.0001009951966162931
0.9064487087087086,0.00010099647656183713
0.9074311611611612,0.00010099775011177265
0.9084136136136136,0.00010099901304673065
0.909396066066066,0.00010100026117263037
0.9103785185185185,0.00010100149033135177
0.9113609709709709,0.00010100269641141684
0.9123434234234234,0.00010100387535866683
0.9133258758758759,0.00010100502318694562
0.9143083283283283,0.00010100613598878211
0.9152907807807807,0.00010100720994607896
0.9162732332332332,0.00010100824134079839
0.9172556856856857,0.00010100922656565181
0.9182381381381381,0.00010101016213479063
0.9192205905905906,0.00010101104469449891
0.920203043043043,0.00010101187103388342
0.9211854954954954,0.00010101263809556947
0.922167947947948,0.0001010133429863914
0.9231504004004004,0.00010101398298808789
0.9241328528528528,0.00010101455556799273
0.9251153053053053,0.00010101505838972984
0.9260977577577577,0.00010101548932390017
0.9270802102102101,0.00010101584645877503
0.9280626626626627,0.00010101612811098373
0.9290451151151151,0.00010101633283619743
0.9300275675675675,0.00010101645943981536
0.93101002002002,0.00010101650698764662
0.9319924724724724,0.00010101647481658688
0.932974924924925,0.00010101636254529534
0.9339573773773774,0.00010101617008486736
0.9349398298298298,0.00010101589764950144
0.9359222822822822,0.00010101554576716705
0.9369047347347347,0.00010101511529026336
0.9378871871871872,0.00010101460740627794
0.9388696396396397,0.00010101402364844016
0.9398520920920921,0.00010101336590636845
0.9408345445445445,0.00010101263643671878
0.941816996996997,0.00010101183787382235
0.9427994494494494,0.00010101097324032473
0.9437819019019019,0.00010101004595781951
0.9447643543543544,0.00010100905985747741
0.9457468068068068,0.00010100801919067472
0.9467292592592592,0.00010100692863961716
0.9477117117117116,0.00010100579332796116
0.9486941641641642,0.00010100461883143741
0.9496766166166166,0.00010100341118846794
0.950659069069069,0.00010100217691078736
0.9516415215215215,0.00010100092299406413
0.9526239739739739,0.00010099965692852221
0.9536064264264265,0.00010099838670956603
0.9545888788788789,0.00010099712084841215
0.9555713313313313,0.00010099586838272355
0.9565537837837838,0.000100994638887252
0.9575362362362362,0.0001009934424844897
0.9585186886886887,0.00010099228985533251
0.9595011411411412,0.00010099119224975462
0.9604835935935936,0.00010099016149749673
0.961466046046046,0.00010098921001877527
0.9624484984984985,0.00010098835083500813
0.9634309509509509,0.0001009875975795644
0.9644134034034034,0.00010098696450853978
0.9653958558558559,0.00010098646651155847
0.9663783083083083,0.00010098611912261073
0.9673607607607607,0.00010098593853092174
0.9683432132132131,0.00010098594159186293
0.9693256656656657,0.00010098614583790576
0.9703081181181181,0.00010098656948962192
0.9712905705705706,0.00010098723146673945
0.972273023023023,0.00010098815139925071
0.9732554754754754,0.00010098934963858691
0.974237927927928,0.00010099084726885922
0.9752203803803804,0.00010099266611817238
0.9762028328328328,0.00010099482877001891
0.9771852852852853,0.00010099735857475726
0.9781677377377377,0.00010100027966118556
0.9791501901901902,0.00010100361694821214
0.9801326426426427,0.00010100739615663457
0.9811150950950951,0.00010101164382103144
0.9820975475475475,0.00010101638730178013
0.98308,0.00010102165479720281
